http://dbpedia.org/ontology/field,count,singular,plural
http://dbpedia.org/resource/Painting,3123,painter,painters
http://dbpedia.org/resource/Sculpture,932,,
http://dbpedia.org/resource/Photography,501,photographer,photographers
http://dbpedia.org/resource/Drawing,387,painter,painters
http://dbpedia.org/resource/Installation_art,301,artist,artist
http://dbpedia.org/resource/Printmaking,293,,
http://dbpedia.org/resource/Illustration,238,illustrator,illustrators
http://dbpedia.org/resource/Painter,215,painter,painter
http://dbpedia.org/resource/Macroeconomics,165,,
http://dbpedia.org/resource/Economics,134,economic,economic
http://dbpedia.org/resource/Video_art,121,,
http://dbpedia.org/resource/Performance_art,115,,
http://dbpedia.org/resource/Econometrics,108,,
http://dbpedia.org/resource/Conceptual_art,104,,
http://dbpedia.org/resource/Engraving,73,,
http://dbpedia.org/resource/Development_economics,73,,
http://dbpedia.org/resource/Sculptor,73,,
http://dbpedia.org/resource/Political_economy,73,,
http://dbpedia.org/resource/Architecture,69,architect,architects
http://dbpedia.org/resource/Collage,63,,
http://dbpedia.org/resource/Poetry,62,poet,poets
http://dbpedia.org/resource/Street_art,62,street artist,street artists
http://dbpedia.org/resource/Film,61,,
http://dbpedia.org/resource/Microeconomics,59,,
http://dbpedia.org/resource/Graphics,56,,
http://dbpedia.org/resource/Contemporary_art,55,,
http://dbpedia.org/resource/Graphic_design,54,graphic designer,graphic designers
http://dbpedia.org/resource/Illustrator,54,illustrator,illustrators
http://dbpedia.org/resource/Writing,54,writer,writers
http://dbpedia.org/resource/Performance,51,performer,performers
http://dbpedia.org/resource/Graffiti,50,,
http://dbpedia.org/resource/Visual_art,46,,
http://dbpedia.org/resource/Etching,44,,
http://dbpedia.org/resource/Labor_economics,44,,
http://dbpedia.org/resource/Financial_economics,43,,
http://dbpedia.org/resource/Monetary_economics,42,,
http://dbpedia.org/resource/Public_art,42,,
http://dbpedia.org/resource/Illustrating,42,illustrator,illustrators
http://dbpedia.org/resource/Ceramic_art,42,,
http://dbpedia.org/resource/Photographer,41,photographer,photographers
http://dbpedia.org/resource/International_economics,41,,
http://dbpedia.org/resource/Public_economics,39,,
http://dbpedia.org/resource/Landscape_art,38,,
http://dbpedia.org/resource/Ceramics,38,,
http://dbpedia.org/resource/Landscape_painting,37,,
http://dbpedia.org/resource/Design,37,designer,designers
http://dbpedia.org/resource/Video,36,,
http://dbpedia.org/resource/Printmaker,35,,
http://dbpedia.org/resource/Stained_glass,35,,
http://dbpedia.org/resource/Oil_painting,35,oil painter,oil painters
http://dbpedia.org/resource/Lithography,35,,
http://dbpedia.org/resource/Portrait_painting,35,portrait painter,portrait painters
http://dbpedia.org/resource/Political_economics,34,,
http://dbpedia.org/resource/Mixed_media,33,,
http://dbpedia.org/resource/Abstract_art,33,,
http://dbpedia.org/resource/Fantasy_art,33,,
http://dbpedia.org/resource/Contemporary_Art,33,,
http://dbpedia.org/resource/Digital_art,32,,
http://dbpedia.org/resource/Muralist,32,muralist,muralists
http://dbpedia.org/resource/Game_theory,31,,
http://dbpedia.org/resource/New_media_art,31,,
http://dbpedia.org/resource/Sculpting,30,,
http://dbpedia.org/resource/Installation_artist,30,,
http://dbpedia.org/resource/Pottery,29,,
http://dbpedia.org/resource/Visual_arts,28,,
http://dbpedia.org/resource/Performance_Art,28,,
http://dbpedia.org/resource/Watercolor,28,,
http://dbpedia.org/resource/Educator,28,,
http://dbpedia.org/resource/Behavioral_economics,27,,
http://dbpedia.org/resource/Art,26,artist,artists
http://dbpedia.org/resource/Curator,26,,
http://dbpedia.org/resource/Watercolor_painting,26,,
http://dbpedia.org/resource/Economic_history,25,,
http://dbpedia.org/resource/Assemblage_(art),25,,
http://dbpedia.org/resource/Video_Art,24,,
http://dbpedia.org/resource/Installation_Art,24,,
http://dbpedia.org/resource/Cartoonist,23,cartoonist,cartoonists
http://dbpedia.org/resource/Artist,23,artist,artists
http://dbpedia.org/resource/Video_artist,23,video artist,video artists
http://dbpedia.org/resource/Fresco,22,,
http://dbpedia.org/resource/Calligraphy,22,calligraphist,calligraphists
http://dbpedia.org/resource/Scenic_design,21,,
http://dbpedia.org/resource/Music,20,musician,musicians
http://dbpedia.org/resource/Health_economics,20,,
http://dbpedia.org/resource/Visual_Art,20,,
http://dbpedia.org/resource/Animation,20,,
http://dbpedia.org/resource/Graphic_artist,20,graphic artist,graphic artists
http://dbpedia.org/resource/Finance,19,,
http://dbpedia.org/resource/Graphic_arts,19,graphic artist,graphic artists
http://dbpedia.org/resource/Political_science,19,,
http://dbpedia.org/resource/Murals,18,,
http://dbpedia.org/resource/Labour_economics,18,,
http://dbpedia.org/resource/Graphic_Design,18,graphic designer,graphic designers
http://dbpedia.org/resource/Ceramics_(art),18,,
http://dbpedia.org/resource/Dance,17,dancer,dancers
http://dbpedia.org/resource/Mural,17,,
http://dbpedia.org/resource/Sound_art,17,,
http://dbpedia.org/resource/Portrait,17,,
http://dbpedia.org/resource/Public_Art,16,,
http://dbpedia.org/resource/Conceptual_Art,16,,
http://dbpedia.org/resource/Mathematical_economics,16,,
http://dbpedia.org/resource/Caricature,16,,
http://dbpedia.org/resource/Poet,16,poet,poets
http://dbpedia.org/resource/Author,16,,
http://dbpedia.org/resource/Feminist_economics,16,,
http://dbpedia.org/resource/Typography,16,,
http://dbpedia.org/resource/Law_and_economics,16,,
http://dbpedia.org/resource/Photojournalism,16,,
http://dbpedia.org/resource/Embroidery,16,,
http://dbpedia.org/resource/Mosaic,15,,
http://dbpedia.org/resource/Environmental_economics,15,,
http://dbpedia.org/resource/Still_life,15,,
http://dbpedia.org/resource/Writer,15,,
http://dbpedia.org/resource/Performance_artist,15,,
http://dbpedia.org/resource/Architect,15,,
http://dbpedia.org/resource/Art_teaching,14,,
http://dbpedia.org/resource/Visual_artist,14,,
http://dbpedia.org/resource/Watercolour,14,,
http://dbpedia.org/resource/Theatre,13,,
http://dbpedia.org/resource/Industrial_organization,13,,
http://dbpedia.org/resource/Social_commentary,13,,
http://dbpedia.org/resource/Art_history,13,,
http://dbpedia.org/resource/Agricultural_economics,13,,
http://dbpedia.org/resource/Graphic_art,13,,
http://dbpedia.org/resource/New_media,13,,
http://dbpedia.org/resource/Education_economics,12,,
http://dbpedia.org/resource/Fine_art,12,,
http://dbpedia.org/resource/Multimedia,12,,
http://dbpedia.org/resource/Institutional_economics,12,,
http://dbpedia.org/resource/International_trade,12,,
http://dbpedia.org/resource/Artist's_book,12,,
http://dbpedia.org/resource/Choreography,12,,
http://dbpedia.org/resource/Filmmaker,12,,
http://dbpedia.org/resource/Tapestry,12,,
http://dbpedia.org/resource/Ballet,11,,
http://dbpedia.org/resource/Net_art,11,,
http://dbpedia.org/resource/Social_economics,11,,
http://dbpedia.org/resource/Graphic_designer,11,,
http://dbpedia.org/resource/New_Media_Art,11,,
http://dbpedia.org/resource/Pastel,11,,
http://dbpedia.org/resource/Filmmaking,11,,
http://dbpedia.org/resource/Welfare_economics,11,,
http://dbpedia.org/resource/Interactive_art,11,,
http://dbpedia.org/resource/Urban_economics,11,,
http://dbpedia.org/resource/Marine_art,10,,
http://dbpedia.org/resource/Fine_Art,10,,
http://dbpedia.org/resource/Costume_design,10,,
http://dbpedia.org/resource/History_of_economic_thought,10,,
http://dbpedia.org/resource/Fiber_art,10,,
http://dbpedia.org/resource/Political_Economy,10,,
http://dbpedia.org/resource/Teaching,10,,
http://dbpedia.org/resource/Economic_growth,10,,
http://dbpedia.org/resource/Quilting,10,,
http://dbpedia.org/resource/Pop_art,10,,
http://dbpedia.org/resource/Economic_History,9,,
http://dbpedia.org/resource/Textile_arts,9,,
http://dbpedia.org/resource/Manga,9,,
http://dbpedia.org/resource/Natural_history,9,,
http://dbpedia.org/resource/Experimental_film,9,,
http://dbpedia.org/resource/Journalism,9,,
http://dbpedia.org/resource/Portraiture,9,,
http://dbpedia.org/resource/Entrepreneurship,9,,
http://dbpedia.org/resource/Philosophy,9,,
http://dbpedia.org/resource/Sociology,9,,
http://dbpedia.org/resource/Economic_theory,9,,
http://dbpedia.org/resource/Digital_Art,9,,
http://dbpedia.org/resource/Children's_literature,9,,
http://dbpedia.org/resource/Composer,9,,
http://dbpedia.org/resource/Portrait_miniature,9,,
http://dbpedia.org/resource/Basket_weaving,9,,
http://dbpedia.org/resource/Weaving,9,,
http://dbpedia.org/resource/Scenography,8,,
http://dbpedia.org/resource/Art_education,8,,
http://dbpedia.org/resource/Video_installation,8,,
http://dbpedia.org/resource/Glass_art,8,,
http://dbpedia.org/resource/Economic_policy,8,,
http://dbpedia.org/resource/Oil_Painting,8,,
http://dbpedia.org/resource/Playwright,8,,
http://dbpedia.org/resource/Education,8,,
http://dbpedia.org/resource/Mixed_Media,8,,
http://dbpedia.org/resource/Book_illustration,8,,
http://dbpedia.org/resource/Abstract_painting,8,,
http://dbpedia.org/resource/Labor_Economics,8,,
http://dbpedia.org/resource/Comics,8,,
http://dbpedia.org/resource/Poster_art,8,,
http://dbpedia.org/resource/Industrial_Organization,8,,
http://dbpedia.org/resource/Body_art,8,,
http://dbpedia.org/resource/Experimental_economics,8,,
http://dbpedia.org/resource/Internet_art,8,,
http://dbpedia.org/resource/Financial_Economics,8,,
http://dbpedia.org/resource/Stenciling,8,,
http://dbpedia.org/resource/Teacher,7,,
http://dbpedia.org/resource/Landscape,7,,
http://dbpedia.org/resource/Internet_Art,7,,
http://dbpedia.org/resource/Actor,7,,
http://dbpedia.org/resource/Public_finance,7,,
http://dbpedia.org/resource/Activism,7,,
http://dbpedia.org/resource/Conceptual_artist,7,,
http://dbpedia.org/resource/International_Economics,7,,
http://dbpedia.org/resource/Woodcut,7,,
http://dbpedia.org/resource/Fine_art_photography,7,,
http://dbpedia.org/resource/Literature,7,,
http://dbpedia.org/resource/Fine_artist,7,,
http://dbpedia.org/resource/Choreographer,7,,
http://dbpedia.org/resource/Costume_designer,7,,
http://dbpedia.org/resource/Graphic,7,,
http://dbpedia.org/resource/Art_criticism,7,,
http://dbpedia.org/resource/Economist,7,,
http://dbpedia.org/resource/Wood_engraving,7,,
http://dbpedia.org/resource/Industrial_design,7,,
http://dbpedia.org/resource/International_Finance,7,,
http://dbpedia.org/resource/Engraver,7,,
http://dbpedia.org/resource/Wood_carving,7,,
http://dbpedia.org/resource/Development_Economics,6,,
http://dbpedia.org/resource/Modern_art,6,,
http://dbpedia.org/resource/Abstract_expressionism,6,,
http://dbpedia.org/resource/Satire,6,,
http://dbpedia.org/resource/Musician,6,,
http://dbpedia.org/resource/Acting,6,,
http://dbpedia.org/resource/Stained_Glass,6,,
http://dbpedia.org/resource/History,6,,
http://dbpedia.org/resource/Silkscreen,6,,
http://dbpedia.org/resource/Managerial_economics,6,,
http://dbpedia.org/resource/Political_philosophy,6,,
http://dbpedia.org/resource/Media_Art,6,,
http://dbpedia.org/resource/Botanical_Illustration,6,,
http://dbpedia.org/resource/Computer_programming,6,,
http://dbpedia.org/resource/Economic_development,6,,
http://dbpedia.org/resource/Statistics,6,,
http://dbpedia.org/resource/Linocut,6,,
http://dbpedia.org/resource/Urban_art,6,,
http://dbpedia.org/resource/Decorative_arts,6,,
http://dbpedia.org/resource/Documentary_film,6,,
http://dbpedia.org/resource/Jewelry,6,,
http://dbpedia.org/resource/Silversmith,6,,
http://dbpedia.org/resource/Poverty,6,,
http://dbpedia.org/resource/Figurative_art,6,,
http://dbpedia.org/resource/Contemporary_artist,6,,
http://dbpedia.org/resource/Market_design,6,,
http://dbpedia.org/resource/Art_History,6,,
http://dbpedia.org/resource/Decision_theory,6,,
http://dbpedia.org/resource/Behavioral_finance,6,,
http://dbpedia.org/resource/Dancer,6,,
http://dbpedia.org/resource/Land_art,6,,
http://dbpedia.org/resource/Ukiyo-e,5,,
http://dbpedia.org/resource/Appropriation_art,5,,
http://dbpedia.org/resource/Stage_designer,5,,
http://dbpedia.org/resource/Plastic_arts,5,,
http://dbpedia.org/resource/Commercial_art,5,,
http://dbpedia.org/resource/Puppetry,5,,
http://dbpedia.org/resource/Social_choice_theory,5,,
http://dbpedia.org/resource/Draftsman,5,,
http://dbpedia.org/resource/Electronic_literature,5,,
http://dbpedia.org/resource/Innovation_economics,5,,
http://dbpedia.org/resource/Islamic_calligraphy,5,,
http://dbpedia.org/resource/Street_Art,5,,
http://dbpedia.org/resource/Street_photography,5,,
http://dbpedia.org/resource/Collagist,5,,
http://dbpedia.org/resource/New_Media,5,,
http://dbpedia.org/resource/Collecting,5,,
http://dbpedia.org/resource/Metalworking,5,,
http://dbpedia.org/resource/Socioeconomics,5,,
http://dbpedia.org/resource/Ink_and_wash_painting,5,,
http://dbpedia.org/resource/Animator,5,,
http://dbpedia.org/resource/Film_director,5,,
http://dbpedia.org/resource/Interior_Design,5,,
http://dbpedia.org/resource/Caricaturist,5,,
http://dbpedia.org/resource/Cartooning,5,,
http://dbpedia.org/resource/Monetary_theory,5,,
http://dbpedia.org/resource/Politics,5,,
http://dbpedia.org/resource/Art_director,5,,
http://dbpedia.org/resource/Marketing,5,,
http://dbpedia.org/resource/Designer,5,,
http://dbpedia.org/resource/Textile_design,5,,
http://dbpedia.org/resource/Visual_poetry,5,,
http://dbpedia.org/resource/Watercolourist,5,,
http://dbpedia.org/resource/Regional_science,5,,
http://dbpedia.org/resource/Art_critic,5,,
http://dbpedia.org/resource/Printing,5,,
http://dbpedia.org/resource/Contemporary_Artist,5,,
http://dbpedia.org/resource/Print_making,5,,
http://dbpedia.org/resource/Electronic_art,5,,
http://dbpedia.org/resource/Illustrations,5,,
http://dbpedia.org/resource/Public_policy,5,,
http://dbpedia.org/resource/Sketch_(drawing),5,,
http://dbpedia.org/resource/Social_Practice,5,,
http://dbpedia.org/resource/Theatre_director,5,,
http://dbpedia.org/resource/Drawings,4,,
http://dbpedia.org/resource/Neon,4,,
http://dbpedia.org/resource/Bristol_underground_scene,4,,
http://dbpedia.org/resource/Editing,4,,
http://dbpedia.org/resource/Portraits,4,,
http://dbpedia.org/resource/Visual_Arts,4,,
http://dbpedia.org/resource/Fashion_photography,4,,
http://dbpedia.org/resource/Multimedia_art,4,,
http://dbpedia.org/resource/Environmental_art,4,,
http://dbpedia.org/resource/Psychology,4,,
http://dbpedia.org/resource/Spray_paint_art,4,,
http://dbpedia.org/resource/International_development,4,,
http://dbpedia.org/resource/Virtual_reality,4,,
http://dbpedia.org/resource/Fashion,4,,
http://dbpedia.org/resource/Mathematics,4,,
http://dbpedia.org/resource/Mosaics,4,,
http://dbpedia.org/resource/Tattoo,4,,
http://dbpedia.org/resource/History_painting,4,,
http://dbpedia.org/resource/Public_choice_theory,4,,
http://dbpedia.org/resource/Monetary_policy,4,,
http://dbpedia.org/resource/Ornithology,4,,
http://dbpedia.org/resource/Intaglio_(printmaking),4,,
http://dbpedia.org/resource/Heterodox_economics,4,,
http://dbpedia.org/resource/Paintings,4,,
http://dbpedia.org/resource/Papermaking,4,,
http://dbpedia.org/resource/Photomontage,4,,
http://dbpedia.org/resource/Accounting,4,,
http://dbpedia.org/resource/Botanical_illustrator,4,,
http://dbpedia.org/resource/Cartoon,4,,
http://dbpedia.org/resource/Epistemology,4,,
http://dbpedia.org/resource/Feminist_Economics,4,,
http://dbpedia.org/resource/Feminist_art,4,,
http://dbpedia.org/resource/Poster,4,,
http://dbpedia.org/resource/Textiles,4,,
http://dbpedia.org/resource/Set_design,4,,
http://dbpedia.org/resource/Jeweler,4,,
http://dbpedia.org/resource/Furniture_Design,4,,
http://dbpedia.org/resource/Fashion_design,4,,
http://dbpedia.org/resource/Modern_Art,4,,
http://dbpedia.org/resource/Musical_composition,4,,
http://dbpedia.org/resource/Political_cartoon,4,,
http://dbpedia.org/resource/Architectural_sculpture,4,,
http://dbpedia.org/resource/Environmental_Economics,4,,
http://dbpedia.org/resource/Public_Finance,4,,
http://dbpedia.org/resource/Japanese_painting,4,,
http://dbpedia.org/resource/Shan_shui,4,,
http://dbpedia.org/resource/Posters,4,,
http://dbpedia.org/resource/Woodblock_printing,4,,
http://dbpedia.org/resource/War_art,4,,
http://dbpedia.org/resource/General_equilibrium,4,,
http://dbpedia.org/resource/Game_Theory,4,,
http://dbpedia.org/resource/Pastels,4,,
http://dbpedia.org/resource/International_Development,4,,
http://dbpedia.org/resource/International_finance,4,,
http://dbpedia.org/resource/Multimedia_artist,4,,
http://dbpedia.org/resource/Bronze_sculpture,4,,
http://dbpedia.org/resource/Public_Economics,4,,
http://dbpedia.org/resource/Fiction,4,,
http://dbpedia.org/resource/Technology,4,,
http://dbpedia.org/resource/Vitreous_enamel,4,,
http://dbpedia.org/resource/Art_photography,4,,
http://dbpedia.org/resource/Realism_(arts),4,,
http://dbpedia.org/resource/Minimalism,4,,
http://dbpedia.org/resource/Beadwork,4,,
http://dbpedia.org/resource/Bonsai,4,,
http://dbpedia.org/resource/Miniaturist,4,,
http://dbpedia.org/resource/Industrial_economics,4,,
http://dbpedia.org/resource/Artists'_books,4,,
http://dbpedia.org/resource/Documentary_photography,4,,
http://dbpedia.org/resource/Impressionism,4,,
http://dbpedia.org/resource/Decorative_Arts,4,,
http://dbpedia.org/resource/Architectural_history,4,,
http://dbpedia.org/resource/Evolutionary_economics,4,,
http://dbpedia.org/resource/Labour_Economics,4,,
http://dbpedia.org/resource/Medalist,4,,
http://dbpedia.org/resource/Publishing,4,,
http://dbpedia.org/resource/Interior_design,4,,
http://dbpedia.org/resource/War_artist,4,,
http://dbpedia.org/resource/Lithographer,3,,
http://dbpedia.org/resource/Operations_Management,3,,
http://dbpedia.org/resource/Acrylic_paint,3,,
http://dbpedia.org/resource/Behavioral_Economics,3,,
http://dbpedia.org/resource/Chinese_painting,3,,
http://dbpedia.org/resource/Comics_artist,3,,
http://dbpedia.org/resource/Ecological_economics,3,,
http://dbpedia.org/resource/Iconography,3,,
http://dbpedia.org/resource/Journalist,3,,
http://dbpedia.org/resource/General_equilibrium_theory,3,,
http://dbpedia.org/resource/Innovation,3,,
http://dbpedia.org/resource/Social_economy,3,,
http://dbpedia.org/resource/Woodworking,3,,
http://dbpedia.org/resource/Graffiti_art,3,,
http://dbpedia.org/resource/Mixed-media,3,,
http://dbpedia.org/resource/Light_art,3,,
http://dbpedia.org/resource/Papercutting,3,,
http://dbpedia.org/resource/Performer,3,,
http://dbpedia.org/resource/Business_economics,3,,
http://dbpedia.org/resource/Cityscape,3,,
http://dbpedia.org/resource/Spoken_Word,3,,
http://dbpedia.org/resource/Kinetic_art,3,,
http://dbpedia.org/resource/Sound_Art,3,,
http://dbpedia.org/resource/Visual_arts_education,3,,
http://dbpedia.org/resource/Breakdance,3,,
http://dbpedia.org/resource/Art_installation,3,,
http://dbpedia.org/resource/Art_historian,3,,
http://dbpedia.org/resource/Set_designer,3,,
http://dbpedia.org/resource/Marxian_economics,3,,
http://dbpedia.org/resource/Military_art,3,,
http://dbpedia.org/resource/Nihonga,3,,
http://dbpedia.org/resource/Bara_(genre),3,,
http://dbpedia.org/resource/Site-specific_art,3,,
http://dbpedia.org/resource/Furniture,3,,
http://dbpedia.org/resource/Social_practice,3,,
http://dbpedia.org/resource/Visual_novel,3,,
http://dbpedia.org/resource/Silversmithing,3,,
http://dbpedia.org/resource/Ceramicist,3,,
http://dbpedia.org/resource/Scenic_Design,3,,
http://dbpedia.org/resource/Children's_books,3,,
http://dbpedia.org/resource/Demography,3,,
http://dbpedia.org/resource/Law,3,,
http://dbpedia.org/resource/Outsider_art,3,,
http://dbpedia.org/resource/Botanist,3,,
http://dbpedia.org/resource/Business,3,,
http://dbpedia.org/resource/Icon,3,,
http://dbpedia.org/resource/Image,3,,
http://dbpedia.org/resource/Singing,3,,
http://dbpedia.org/resource/Film_maker,3,,
http://dbpedia.org/resource/Serigraphy,3,,
http://dbpedia.org/resource/Management,3,,
http://dbpedia.org/resource/Creative_Director,3,,
http://dbpedia.org/resource/Type_design,3,,
http://dbpedia.org/resource/Woodcuts,3,,
http://dbpedia.org/resource/Lawyer,3,,
http://dbpedia.org/resource/Body_painting,3,,
http://dbpedia.org/resource/Concrete_art,3,,
http://dbpedia.org/resource/Spirituality,3,,
http://dbpedia.org/resource/Fashion_designer,3,,
http://dbpedia.org/resource/Ink_wash_painting,3,,
http://dbpedia.org/resource/Urban_Design,3,,
http://dbpedia.org/resource/Metalwork,3,,
http://dbpedia.org/resource/Fashion_Design,3,,
http://dbpedia.org/resource/Happening,3,,
http://dbpedia.org/resource/Modern_dance,3,,
http://dbpedia.org/resource/Botanical_illustration,3,,
http://dbpedia.org/resource/Comedian,3,,
http://dbpedia.org/resource/Encaustic_painting,3,,
http://dbpedia.org/resource/Engineering,3,,
http://dbpedia.org/resource/Landscape_photography,3,,
http://dbpedia.org/resource/Indian_Classical_Dance,3,,
http://dbpedia.org/resource/Portrait_Painting,3,,
http://dbpedia.org/resource/Marine_painting,3,,
http://dbpedia.org/resource/Architectural_theory,3,,
http://dbpedia.org/resource/Cartoons,3,,
http://dbpedia.org/resource/Comic_books,3,,
http://dbpedia.org/resource/Generative_art,3,,
http://dbpedia.org/resource/Social_practice_(art),3,,
http://dbpedia.org/resource/Sound_artist,3,,
http://dbpedia.org/resource/Austrian_economics,3,,
http://dbpedia.org/resource/Law_and_Economics,3,,
http://dbpedia.org/resource/Economic_Development,3,,
http://dbpedia.org/resource/Productivity,3,,
http://dbpedia.org/resource/International_Trade,3,,
http://dbpedia.org/resource/Theater,3,,
http://dbpedia.org/resource/Visual_music,3,,
http://dbpedia.org/resource/Economics_of_education,3,,
http://dbpedia.org/resource/Gouache,3,,
http://dbpedia.org/resource/Screen_printing,3,,
http://dbpedia.org/resource/Pastelist,3,,
http://dbpedia.org/resource/Modernism,3,,
http://dbpedia.org/resource/Music_video,3,,
http://dbpedia.org/resource/Oil,3,,
http://dbpedia.org/resource/Strategy,3,,
http://dbpedia.org/resource/Tape_art,3,,
http://dbpedia.org/resource/Fine-art_photography,3,,
http://dbpedia.org/resource/Transport_economics,3,,
http://dbpedia.org/resource/Perfumery,3,,
http://dbpedia.org/resource/Stage_design,3,,
http://dbpedia.org/resource/Collages,3,,
http://dbpedia.org/resource/Ceramic,3,,
http://dbpedia.org/resource/Fashion_illustration,3,,
http://dbpedia.org/resource/Regulatory_economics,3,,
http://dbpedia.org/resource/Digital_media,3,,
http://dbpedia.org/resource/Model_(art),3,,
http://dbpedia.org/resource/Advertising,3,,
http://dbpedia.org/resource/Art_Education,3,,
http://dbpedia.org/resource/Avant-garde,3,,
http://dbpedia.org/resource/Cultural_economics,3,,
http://dbpedia.org/resource/Experimental_music,3,,
http://dbpedia.org/resource/Illuminated_manuscript,3,,
http://dbpedia.org/resource/Stone_carving,3,,
http://dbpedia.org/resource/Goldsmith,3,,
http://dbpedia.org/resource/Jewellery,3,,
http://dbpedia.org/resource/Found_object,3,,
http://dbpedia.org/resource/Genre_painting,3,,
http://dbpedia.org/resource/Chinese_Abstraction,3,,
http://dbpedia.org/resource/Fantasy,2,,
http://dbpedia.org/resource/Make-up_artist,2,,
http://dbpedia.org/resource/Rational_choice_theory,2,,
http://dbpedia.org/resource/Religious_art,2,,
http://dbpedia.org/resource/Photorealistic,2,,
http://dbpedia.org/resource/Political_Science,2,,
http://dbpedia.org/resource/Actress,2,,
http://dbpedia.org/resource/Computer_graphics,2,,
http://dbpedia.org/resource/Craft,2,,
http://dbpedia.org/resource/Race_relations,2,,
http://dbpedia.org/resource/Sovereign_debt,2,,
http://dbpedia.org/resource/Figure_drawing,2,,
http://dbpedia.org/resource/Methodology,2,,
http://dbpedia.org/resource/Shock_art,2,,
http://dbpedia.org/resource/Socialist_economics,2,,
http://dbpedia.org/resource/Comic_Books,2,,
http://dbpedia.org/resource/VJ_(video_performance_artist),2,,
http://dbpedia.org/resource/Media_artist,2,,
http://dbpedia.org/resource/Game_studies,2,,
http://dbpedia.org/resource/Regional_Science,2,,
http://dbpedia.org/resource/Relief,2,,
http://dbpedia.org/resource/Screenwriting,2,,
http://dbpedia.org/resource/OCAD,2,,
http://dbpedia.org/resource/Aesthetics,2,,
http://dbpedia.org/resource/Computer_art,2,,
http://dbpedia.org/resource/Protest_art,2,,
http://dbpedia.org/resource/Publisher,2,,
http://dbpedia.org/resource/Quillwork,2,,
http://dbpedia.org/resource/Sgraffito,2,,
http://dbpedia.org/resource/Investment,2,,
http://dbpedia.org/resource/Postinternet,2,,
http://dbpedia.org/resource/Postmodernism,2,,
http://dbpedia.org/resource/Supply_chain_management,2,,
http://dbpedia.org/resource/United_States,2,,
http://dbpedia.org/resource/Watercolour_painting,2,,
http://dbpedia.org/resource/Play_writing,2,,
http://dbpedia.org/resource/Property_rights,2,,
http://dbpedia.org/resource/Mural_Painting,2,,
http://dbpedia.org/resource/Album_art,2,,
http://dbpedia.org/resource/Lighting_Design,2,,
http://dbpedia.org/resource/Economic_Growth,2,,
http://dbpedia.org/resource/Ledger_art,2,,
http://dbpedia.org/resource/Poetry_slam,2,,
http://dbpedia.org/resource/Cartographer,2,,
http://dbpedia.org/resource/Impressionist,2,,
http://dbpedia.org/resource/Landscapes,2,,
http://dbpedia.org/resource/Intellectual_history,2,,
http://dbpedia.org/resource/Social_documentary_photography,2,,
http://dbpedia.org/resource/Theatrical_producer,2,,
http://dbpedia.org/resource/Music_Composition,2,,
http://dbpedia.org/resource/Watercolors,2,,
http://dbpedia.org/resource/Librarian,2,,
http://dbpedia.org/resource/Machine_Learning,2,,
http://dbpedia.org/resource/Monetary_Policy,2,,
http://dbpedia.org/resource/Archaeologist,2,,
http://dbpedia.org/resource/Augmented_reality,2,,
http://dbpedia.org/resource/Austrian_School,2,,
http://dbpedia.org/resource/Constitutional_economics,2,,
http://dbpedia.org/resource/Economic_forecasting,2,,
http://dbpedia.org/resource/Enamel_paint,2,,
http://dbpedia.org/resource/Energy_economics,2,,
http://dbpedia.org/resource/Experimental_theatre,2,,
http://dbpedia.org/resource/Expressionism,2,,
http://dbpedia.org/resource/Public_Policy,2,,
http://dbpedia.org/resource/Storytelling,2,,
http://dbpedia.org/resource/Glazier,2,,
http://dbpedia.org/resource/Historian,2,,
http://dbpedia.org/resource/International_Business,2,,
http://dbpedia.org/resource/Webcomic,2,,
http://dbpedia.org/resource/Microeconomic_theory,2,,
http://dbpedia.org/resource/Textile_artist,2,,
http://dbpedia.org/resource/Role-playing_game,2,,
http://dbpedia.org/resource/Academic,2,,
http://dbpedia.org/resource/Archeology,2,,
http://dbpedia.org/resource/Bayesian_econometrics,2,,
http://dbpedia.org/resource/Carving,2,,
http://dbpedia.org/resource/Contemporary_Indigenous_Australian_art,2,,
http://dbpedia.org/resource/Corporate_governance,2,,
http://dbpedia.org/resource/Entrepreneurial_economics,2,,
http://dbpedia.org/resource/Holography,2,,
http://dbpedia.org/resource/Radio_art,2,,
http://dbpedia.org/resource/Statistician,2,,
http://dbpedia.org/resource/Social_policy,2,,
http://dbpedia.org/resource/Textile_Design,2,,
http://dbpedia.org/resource/Trade,2,,
http://dbpedia.org/resource/Videography,2,,
http://dbpedia.org/resource/Historical_painting,2,,
http://dbpedia.org/resource/International_affairs,2,,
http://dbpedia.org/resource/Maritime_art,2,,
http://dbpedia.org/resource/Religious_painting,2,,
http://dbpedia.org/resource/Theatre_design,2,,
http://dbpedia.org/resource/Watercolorist,2,,
http://dbpedia.org/resource/Resource_economics,2,,
http://dbpedia.org/resource/Monoprinting,2,,
http://dbpedia.org/resource/Operations_management,2,,
http://dbpedia.org/resource/Participatory_Art,2,,
http://dbpedia.org/resource/Patron,2,,
http://dbpedia.org/resource/Performing_Arts,2,,
http://dbpedia.org/resource/Physics,2,,
http://dbpedia.org/resource/Applied_economics,2,,
http://dbpedia.org/resource/Archivist,2,,
http://dbpedia.org/resource/Art_film,2,,
http://dbpedia.org/resource/Asset_pricing,2,,
http://dbpedia.org/resource/Astronomy,2,,
http://dbpedia.org/resource/Automata,2,,
http://dbpedia.org/resource/Color,2,,
http://dbpedia.org/resource/Education_Economics,2,,
http://dbpedia.org/resource/Endurance_art,2,,
http://dbpedia.org/resource/Ethics,2,,
http://dbpedia.org/resource/Experimental_Film,2,,
http://dbpedia.org/resource/Sports_economics,2,,
http://dbpedia.org/resource/Figure_painting,2,,
http://dbpedia.org/resource/Japanese_lacquerware,2,,
http://dbpedia.org/resource/Folk_art,2,,
http://dbpedia.org/resource/Innovation_Economics,2,,
http://dbpedia.org/resource/Soft_sculpture,2,,
http://dbpedia.org/resource/Software_art,2,,
http://dbpedia.org/resource/Textile,2,,
http://dbpedia.org/resource/Theory,2,,
http://dbpedia.org/resource/Vandalism,2,,
http://dbpedia.org/resource/Science_fiction_art,2,,
http://dbpedia.org/resource/Watercolours,2,,
http://dbpedia.org/resource/Political_Sociology,2,,
http://dbpedia.org/resource/Center_for_the_Connected_Consumer,2,,
http://dbpedia.org/resource/Rock_concerts,2,,
http://dbpedia.org/resource/Medallist,2,,
http://dbpedia.org/resource/Quantitative_finance,2,,
http://dbpedia.org/resource/Smithing,2,,
http://dbpedia.org/resource/Game_Design,2,,
http://dbpedia.org/resource/Mail_art,2,,
http://dbpedia.org/resource/Wood-engraving,2,,
http://dbpedia.org/resource/Diarist,2,,
http://dbpedia.org/resource/Noise_Music,2,,
http://dbpedia.org/resource/Orientalism,2,,
http://dbpedia.org/resource/AfriCOBRA,2,,
http://dbpedia.org/resource/Burmese_dance,2,,
http://dbpedia.org/resource/Character_creation,2,,
http://dbpedia.org/resource/Contract_theory,2,,
http://dbpedia.org/resource/DIY,2,,
http://dbpedia.org/resource/Economic_inequality,2,,
http://dbpedia.org/resource/Product_design,2,,
http://dbpedia.org/resource/Queer_art,2,,
http://dbpedia.org/resource/Spoken_word,2,,
http://dbpedia.org/resource/Mezzotint,2,,
http://dbpedia.org/resource/Sound_recording_and_reproduction,2,,
http://dbpedia.org/resource/Free_trade,2,,
http://dbpedia.org/resource/Trompe-l'œil,2,,
http://dbpedia.org/resource/Woodblock_printing_in_Japan,2,,
http://dbpedia.org/resource/Young_British_Artists,2,,
http://dbpedia.org/resource/Realism_(visual_arts),2,,
http://dbpedia.org/resource/Transportation_economics,2,,
http://dbpedia.org/resource/Children's_Books,2,,
http://dbpedia.org/resource/Digital_artist,2,,
http://dbpedia.org/resource/Healthcare,2,,
http://dbpedia.org/resource/Real_estate_economics,2,,
http://dbpedia.org/resource/Limner,2,,
http://dbpedia.org/resource/Natural_resource_economics,2,,
http://dbpedia.org/resource/Abstract_expressionist,2,,
http://dbpedia.org/resource/American_Impressionism,2,,
http://dbpedia.org/resource/Arts_administration,2,,
http://dbpedia.org/resource/Biological_economics,2,,
http://dbpedia.org/resource/Carl_Gustav_Swensson,2,,
http://dbpedia.org/resource/Cinematographer,2,,
http://dbpedia.org/resource/Private_law,2,,
http://dbpedia.org/resource/Jazz,2,,
http://dbpedia.org/resource/Landscape_Photography,2,,
http://dbpedia.org/resource/Genre_art,2,,
http://dbpedia.org/resource/Industrial_organisation,2,,
http://dbpedia.org/resource/International_political_economy,2,,
http://dbpedia.org/resource/Pop_Art,2,,
http://dbpedia.org/resource/Zoology,2,,
http://dbpedia.org/resource/Still-life,2,,
http://dbpedia.org/resource/Photocollage,2,,
http://dbpedia.org/resource/Woodcarving,2,,
http://dbpedia.org/resource/Concert_organist,2,,
http://dbpedia.org/resource/Art_installations,2,,
http://dbpedia.org/resource/Figure_painter,2,,
http://dbpedia.org/resource/Neon_sculpture,2,,
http://dbpedia.org/resource/Game_design,2,,
http://dbpedia.org/resource/Keynesian_economics,2,,
http://dbpedia.org/resource/Stencil_art,2,,
http://dbpedia.org/resource/Lowbrow_(art_movement),2,,
http://dbpedia.org/resource/Monetarism,2,,
http://dbpedia.org/resource/Mysticism,2,,
http://dbpedia.org/resource/Art_Glass,2,,
http://dbpedia.org/resource/Batik,2,,
http://dbpedia.org/resource/Critical_theory,2,,
http://dbpedia.org/resource/Labor_history_(discipline),2,,
http://dbpedia.org/resource/Mechanism_design,2,,
http://dbpedia.org/resource/Stencil_graffiti,2,,
http://dbpedia.org/resource/Tattoo_artist,2,,
http://dbpedia.org/resource/Folk_Art,2,,
http://dbpedia.org/resource/Financial_econometrics,2,,
http://dbpedia.org/resource/Information_economics,2,,
http://dbpedia.org/resource/Intermedia,2,,
http://dbpedia.org/resource/International_security,2,,
http://dbpedia.org/resource/New_media_artist,2,,
http://dbpedia.org/resource/Developmental_economics,2,,
http://dbpedia.org/resource/Art_direction,2,,
http://dbpedia.org/resource/Genre_works,2,,
http://dbpedia.org/resource/Portrait_art,2,,
http://dbpedia.org/resource/Light_novel,2,,
http://dbpedia.org/resource/Migration_studies,2,,
http://dbpedia.org/resource/Neuroeconomics,2,,
http://dbpedia.org/resource/Art_therapy,2,,
http://dbpedia.org/resource/Aviation,2,,
http://dbpedia.org/resource/Concert_pianist,2,,
http://dbpedia.org/resource/Public_Choice_Theory,2,,
http://dbpedia.org/resource/Site-Specific_Art,2,,
http://dbpedia.org/resource/Studio_pottery,2,,
http://dbpedia.org/resource/Memorial,2,,
http://dbpedia.org/resource/Islamic_studies,2,,
http://dbpedia.org/resource/Television_presenter,2,,
http://dbpedia.org/resource/Wood_Carving,2,,
http://dbpedia.org/resource/Campagna_Romana,2,,
http://dbpedia.org/resource/Comix,2,,
http://dbpedia.org/resource/Modern_Monetary_Theory,2,,
http://dbpedia.org/resource/Photorealism,2,,
http://dbpedia.org/resource/Artivism,2,,
http://dbpedia.org/resource/Assemblage_art,2,,
http://dbpedia.org/resource/Auction_theory,2,,
http://dbpedia.org/resource/Corporate_finance,2,,
http://dbpedia.org/resource/Economic_sociology,2,,
http://dbpedia.org/resource/Editorial_cartoon,2,,
http://dbpedia.org/resource/Income_distribution,2,,
http://dbpedia.org/resource/Wildlife_art,2,,
http://dbpedia.org/resource/Lighting_design,2,,
http://dbpedia.org/resource/Landscape_Painting,2,,
http://dbpedia.org/resource/Game_designer,1,,
http://dbpedia.org/resource/Game_show,1,,
http://dbpedia.org/resource/Health_care_analytics,1,,
http://dbpedia.org/resource/Macroeconomic_Model,1,,
http://dbpedia.org/resource/Reform_movement,1,,
http://dbpedia.org/resource/Religion,1,,
http://dbpedia.org/resource/Research,1,,
http://dbpedia.org/resource/Robotics,1,,
http://dbpedia.org/resource/Rococo,1,,
http://dbpedia.org/resource/Sandpainting,1,,
http://dbpedia.org/resource/Research_ethics,1,,
http://dbpedia.org/resource/Management_and_Organization,1,,
http://dbpedia.org/resource/Prison_Art,1,,
http://dbpedia.org/resource/Letterpress,1,,
http://dbpedia.org/resource/Detroit_Techno,1,,
http://dbpedia.org/resource/Developmental_psychology,1,,
http://dbpedia.org/resource/Digital_imaging,1,,
http://dbpedia.org/resource/Human_capital,1,,
http://dbpedia.org/resource/Machine_learning,1,,
http://dbpedia.org/resource/Modern_monetary_theory,1,,
http://dbpedia.org/resource/Monetary_Theory,1,,
http://dbpedia.org/resource/Monochrome_painting,1,,
http://dbpedia.org/resource/Narrative_art,1,,
http://dbpedia.org/resource/Naval_architecture,1,,
http://dbpedia.org/resource/Organisation,1,,
http://dbpedia.org/resource/Oriental_studies,1,,
http://dbpedia.org/resource/Parsons_The_New_School_for_Design,1,,
http://dbpedia.org/resource/Peintre-graveur,1,,
http://dbpedia.org/resource/Photoshopping,1,,
http://dbpedia.org/resource/Plastic_pollution,1,,
http://dbpedia.org/resource/A_Green_New_Deal,1,,
http://dbpedia.org/resource/African_American_Studies,1,,
http://dbpedia.org/resource/Anthropology,1,,
http://dbpedia.org/resource/Art_competitions_at_the_1948_Summer_Olympics,1,,
http://dbpedia.org/resource/Art_intervention,1,,
http://dbpedia.org/resource/Arte_Povera,1,,
http://dbpedia.org/resource/Balloon_modelling,1,,
http://dbpedia.org/resource/Blue,1,,
http://dbpedia.org/resource/Bodegón,1,,
http://dbpedia.org/resource/Book_design,1,,
http://dbpedia.org/resource/Camouflage,1,,
http://dbpedia.org/resource/Catechism,1,,
http://dbpedia.org/resource/Clock,1,,
http://dbpedia.org/resource/Collodion_process,1,,
http://dbpedia.org/resource/Color_Field,1,,
http://dbpedia.org/resource/Competition_(companies),1,,
http://dbpedia.org/resource/Concrete_poetry,1,,
http://dbpedia.org/resource/Corporate_Finance,1,,
http://dbpedia.org/resource/Dada,1,,
http://dbpedia.org/resource/Dancing,1,,
http://dbpedia.org/resource/Econometric,1,,
http://dbpedia.org/resource/Economic_and_Monetary_Union,1,,
http://dbpedia.org/resource/Energy_Economics,1,,
http://dbpedia.org/resource/Environmental_design,1,,
http://dbpedia.org/resource/Environmental_movement,1,,
http://dbpedia.org/resource/Environmentalism,1,,
http://dbpedia.org/resource/Fair_division,1,,
http://dbpedia.org/resource/Identity_politics,1,,
http://dbpedia.org/resource/Medals,1,,
http://dbpedia.org/resource/Production_designer,1,,
http://dbpedia.org/resource/Projection_mapping,1,,
http://dbpedia.org/resource/Psychedelic_art,1,,
http://dbpedia.org/resource/Public_Speaking,1,,
http://dbpedia.org/resource/Punk_Rock,1,,
http://dbpedia.org/resource/Queer_Theory,1,,
http://dbpedia.org/resource/Site-specific_installation,1,,
http://dbpedia.org/resource/Smelting,1,,
http://dbpedia.org/resource/Speculation,1,,
http://dbpedia.org/resource/Figurine,1,,
http://dbpedia.org/resource/Fiqh,1,,
http://dbpedia.org/resource/Go_game,1,,
http://dbpedia.org/resource/Kashaya_language,1,,
http://dbpedia.org/resource/Museum_director,1,,
http://dbpedia.org/resource/Fraktur,1,,
http://dbpedia.org/resource/Frank_Zappa,1,,
http://dbpedia.org/resource/Global_health,1,,
http://dbpedia.org/resource/Independent_Film,1,,
http://dbpedia.org/resource/Indian_Classical_Music,1,,
http://dbpedia.org/resource/Indie_games,1,,
http://dbpedia.org/resource/Indigenous_languages_of_the_Americas,1,,
http://dbpedia.org/resource/Information_technology,1,,
http://dbpedia.org/resource/International_business,1,,
http://dbpedia.org/resource/Investment_Management,1,,
http://dbpedia.org/resource/LGBT_Rights,1,,
http://dbpedia.org/resource/List_of_Whitney_Biennial_artists,1,,
http://dbpedia.org/resource/Portrait_miniatures,1,,
http://dbpedia.org/resource/Social_Policy,1,,
http://dbpedia.org/resource/Social_science,1,,
http://dbpedia.org/resource/Theology,1,,
http://dbpedia.org/resource/Thuluth,1,,
http://dbpedia.org/resource/Transaction_cost,1,,
http://dbpedia.org/resource/Unconditional_basic_income,1,,
http://dbpedia.org/resource/Upholstery,1,,
http://dbpedia.org/resource/Victoria_and_Albert_Museum,1,,
http://dbpedia.org/resource/Western_(genre),1,,
http://dbpedia.org/resource/Women's_Rights,1,,
http://dbpedia.org/resource/Word_art,1,,
http://dbpedia.org/resource/Photoconceptualism,1,,
http://dbpedia.org/resource/Pranks,1,,
http://dbpedia.org/resource/Water-colour,1,,
http://dbpedia.org/resource/Installation_(art),1,,
http://dbpedia.org/resource/Mughal_paintings,1,,
http://dbpedia.org/resource/Ink_wash,1,,
http://dbpedia.org/resource/Commercial_artist,1,,
http://dbpedia.org/resource/Fiscal_Federalism,1,,
http://dbpedia.org/resource/Wikt:theoretician,1,,
http://dbpedia.org/resource/Art_Historian,1,,
http://dbpedia.org/resource/Fashion_Designer,1,,
http://dbpedia.org/resource/Modern_Islamic_Movements,1,,
http://dbpedia.org/resource/Sociophilosophy,1,,
http://dbpedia.org/resource/8_bit_music,1,,
http://dbpedia.org/resource/Artbook,1,,
http://dbpedia.org/resource/Architectural_models,1,,
http://dbpedia.org/resource/Screen_printer,1,,
http://dbpedia.org/resource/Indian_Artist,1,,
http://dbpedia.org/resource/Foreign_Aid,1,,
http://dbpedia.org/resource/Sociology_of_Knowledge,1,,
http://dbpedia.org/resource/Trapunto_painting,1,,
http://dbpedia.org/resource/Price_theory,1,,
http://dbpedia.org/resource/Consciousness_Expansion,1,,
http://dbpedia.org/resource/Fashion_model,1,,
http://dbpedia.org/resource/Graphic_Designer,1,,
http://dbpedia.org/resource/Happiness_economics,1,,
http://dbpedia.org/resource/Manga_artist,1,,
http://dbpedia.org/resource/Regional_economics,1,,
http://dbpedia.org/resource/Roman_Campagna,1,,
http://dbpedia.org/resource/Generative_Art,1,,
http://dbpedia.org/resource/African_politics,1,,
http://dbpedia.org/resource/Cyborg_Art,1,,
http://dbpedia.org/resource/T-Shirt_design,1,,
http://dbpedia.org/resource/Development_ethics,1,,
http://dbpedia.org/resource/Development_studies,1,,
http://dbpedia.org/resource/Discrimination,1,,
http://dbpedia.org/resource/Drug_policy,1,,
http://dbpedia.org/resource/Décollage,1,,
http://dbpedia.org/resource/Long-form_journalism,1,,
http://dbpedia.org/resource/Multi-instrumentalist,1,,
http://dbpedia.org/resource/Music_video_director,1,,
http://dbpedia.org/resource/NFTs,1,,
http://dbpedia.org/resource/Opera,1,,
http://dbpedia.org/resource/Operations_research,1,,
http://dbpedia.org/resource/Pan-Africanism,1,,
http://dbpedia.org/resource/Pastor,1,,
http://dbpedia.org/resource/Pen_and_ink,1,,
http://dbpedia.org/resource/Political_satire,1,,
http://dbpedia.org/resource/Aerial_Photography,1,,
http://dbpedia.org/resource/Altered_book,1,,
http://dbpedia.org/resource/Anamorphosis,1,,
http://dbpedia.org/resource/Aquaculture,1,,
http://dbpedia.org/resource/Archaeology,1,,
http://dbpedia.org/resource/Baroque,1,,
http://dbpedia.org/resource/Blackwork,1,,
http://dbpedia.org/resource/Blogger,1,,
http://dbpedia.org/resource/Calligrapher,1,,
http://dbpedia.org/resource/Child_labour,1,,
http://dbpedia.org/resource/China_painting,1,,
http://dbpedia.org/resource/Christian_Art,1,,
http://dbpedia.org/resource/Circuit_bending,1,,
http://dbpedia.org/resource/Colorist,1,,
http://dbpedia.org/resource/Complexity_economics,1,,
http://dbpedia.org/resource/Contemporary_Music,1,,
http://dbpedia.org/resource/Criminology,1,,
http://dbpedia.org/resource/Criticism,1,,
http://dbpedia.org/resource/Dance_therapy,1,,
http://dbpedia.org/resource/Data_visualization,1,,
http://dbpedia.org/resource/Economic_Inequality,1,,
http://dbpedia.org/resource/Electoral_system,1,,
http://dbpedia.org/resource/Ethnography,1,,
http://dbpedia.org/resource/Facilitator,1,,
http://dbpedia.org/resource/Iconostasis,1,,
http://dbpedia.org/resource/Private_collection,1,,
http://dbpedia.org/resource/Special_effects,1,,
http://dbpedia.org/resource/Stone_sculpture,1,,
http://dbpedia.org/resource/Street_artist,1,,
http://dbpedia.org/resource/Fintech,1,,
http://dbpedia.org/resource/Golf,1,,
http://dbpedia.org/resource/Japanese_calligraphy,1,,
http://dbpedia.org/resource/Landscape_architect,1,,
http://dbpedia.org/resource/Languages,1,,
http://dbpedia.org/resource/Service_(economics),1,,
http://dbpedia.org/resource/Sound_poetry,1,,
http://dbpedia.org/resource/Floristry,1,,
http://dbpedia.org/resource/Documentary,1,,
http://dbpedia.org/resource/Information_Economics,1,,
http://dbpedia.org/resource/Instructional_Technology,1,,
http://dbpedia.org/resource/International_Sculpture_Symposium,1,,
http://dbpedia.org/resource/Internet_culture,1,,
http://dbpedia.org/resource/Invention,1,,
http://dbpedia.org/resource/Post-conceptual,1,,
http://dbpedia.org/resource/Social_movements,1,,
http://dbpedia.org/resource/Social_sculpture,1,,
http://dbpedia.org/resource/Blacksmithing,1,,
http://dbpedia.org/resource/Travel,1,,
http://dbpedia.org/resource/Underground_art,1,,
http://dbpedia.org/resource/Video_game,1,,
http://dbpedia.org/resource/Virtual_art,1,,
http://dbpedia.org/resource/Web_design,1,,
http://dbpedia.org/resource/Fabric_arts,1,,
"http://dbpedia.org/resource/Art,_Art_Education",1,,
http://dbpedia.org/resource/Editorial_design,1,,
http://dbpedia.org/resource/Social_choice,1,,
http://dbpedia.org/resource/Video_blogger,1,,
http://dbpedia.org/resource/Naive_Art,1,,
http://dbpedia.org/resource/Causal_Inference,1,,
http://dbpedia.org/resource/Pop_surrealism,1,,
http://dbpedia.org/resource/Artists'_Books,1,,
http://dbpedia.org/resource/Mathematical_art,1,,
http://dbpedia.org/resource/Spatial_economics,1,,
http://dbpedia.org/resource/Benefit-cost_analysis,1,,
http://dbpedia.org/resource/Rare_books,1,,
http://dbpedia.org/resource/The_Holocaust_in_art_and_literature,1,,
http://dbpedia.org/resource/Experimental_sound,1,,
http://dbpedia.org/resource/Op-Art,1,,
http://dbpedia.org/resource/Philosophy_of_economics,1,,
"http://dbpedia.org/resource/Painting,_Sculpture,_Installations",1,,
http://dbpedia.org/resource/Modernist_art,1,,
http://dbpedia.org/resource/Spatial_Econometrics,1,,
http://dbpedia.org/resource/Playwrighting,1,,
http://dbpedia.org/resource/Letter-cutter,1,,
http://dbpedia.org/resource/Hackerspace,1,,
http://dbpedia.org/resource/Hacktivism,1,,
http://dbpedia.org/resource/Macroeconomic_policy,1,,
http://dbpedia.org/resource/Rationalism,1,,
http://dbpedia.org/resource/Restaurateur,1,,
http://dbpedia.org/resource/Right-libertarianism,1,,
http://dbpedia.org/resource/San_Francisco,1,,
http://dbpedia.org/resource/Schoolteacher,1,,
http://dbpedia.org/resource/Science-fiction,1,,
http://dbpedia.org/resource/Sculptures,1,,
http://dbpedia.org/resource/Urban_development,1,,
http://dbpedia.org/resource/Anti-religion,1,,
http://dbpedia.org/resource/Economics_of_Climate_Change,1,,
http://dbpedia.org/resource/Empirical_Macroeconomics,1,,
http://dbpedia.org/resource/Celebrity_chef,1,,
http://dbpedia.org/resource/Development_geography,1,,
http://dbpedia.org/resource/Direct_Action,1,,
http://dbpedia.org/resource/Earthworks_(archaeology),1,,
http://dbpedia.org/resource/Human_geography,1,,
http://dbpedia.org/resource/Literary_criticism,1,,
http://dbpedia.org/resource/Microcredit,1,,
http://dbpedia.org/resource/Modern_sculpture,1,,
http://dbpedia.org/resource/Monochrome_photography,1,,
http://dbpedia.org/resource/Naturalist,1,,
http://dbpedia.org/resource/New_England,1,,
http://dbpedia.org/resource/Noise_music,1,,
http://dbpedia.org/resource/Novel,1,,
http://dbpedia.org/resource/Option_(finance),1,,
http://dbpedia.org/resource/Ottawa_School_of_Art,1,,
http://dbpedia.org/resource/Ottoman_miniature,1,,
http://dbpedia.org/resource/Paris,1,,
http://dbpedia.org/resource/Philanthropy,1,,
http://dbpedia.org/resource/Philosophy_and_economics,1,,
http://dbpedia.org/resource/Photovoltaic,1,,
http://dbpedia.org/resource/African-American_history,1,,
http://dbpedia.org/resource/American_Figurative_Expressionism,1,,
http://dbpedia.org/resource/Art_Director,1,,
http://dbpedia.org/resource/Book_binder,1,,
http://dbpedia.org/resource/Bookplate,1,,
http://dbpedia.org/resource/Botany,1,,
http://dbpedia.org/resource/Bounded_rationality,1,,
http://dbpedia.org/resource/Business_administration,1,,
http://dbpedia.org/resource/Chief_economist,1,,
http://dbpedia.org/resource/Chromolithography,1,,
http://dbpedia.org/resource/Civil_engineering,1,,
http://dbpedia.org/resource/Classicism,1,,
http://dbpedia.org/resource/Color_field,1,,
http://dbpedia.org/resource/Combinatorial_optimization,1,,
http://dbpedia.org/resource/Commercial_policy,1,,
http://dbpedia.org/resource/Common-pool_resource,1,,
http://dbpedia.org/resource/Composition_(language),1,,
http://dbpedia.org/resource/Computational_economics,1,,
http://dbpedia.org/resource/Computer-generated_imagery,1,,
http://dbpedia.org/resource/Conservator-restorer,1,,
http://dbpedia.org/resource/Costume_Design,1,,
http://dbpedia.org/resource/Court_painter,1,,
http://dbpedia.org/resource/Crochet,1,,
http://dbpedia.org/resource/Dance_theory,1,,
http://dbpedia.org/resource/Economic_anthropology,1,,
http://dbpedia.org/resource/Economics_of_networks,1,,
http://dbpedia.org/resource/Emily_Carr_University_of_Art_and_Design,1,,
http://dbpedia.org/resource/Environmental_Art,1,,
http://dbpedia.org/resource/Evangelism,1,,
http://dbpedia.org/resource/Exchange_rate,1,,
http://dbpedia.org/resource/Medal,1,,
http://dbpedia.org/resource/Private_Equity,1,,
http://dbpedia.org/resource/Process_art,1,,
http://dbpedia.org/resource/Psychopharmacology,1,,
http://dbpedia.org/resource/Stop_motion,1,,
http://dbpedia.org/resource/Flyer_(pamphlet),1,,
http://dbpedia.org/resource/Forging,1,,
http://dbpedia.org/resource/Free_market,1,,
http://dbpedia.org/resource/Films,1,,
http://dbpedia.org/resource/Financial_Econometrics,1,,
http://dbpedia.org/resource/Hooliganism,1,,
http://dbpedia.org/resource/Kitsch,1,,
http://dbpedia.org/resource/Kolakoski_sequence,1,,
http://dbpedia.org/resource/Television_personality,1,,
http://dbpedia.org/resource/Toymaker,1,,
http://dbpedia.org/resource/Population_ageing,1,,
http://dbpedia.org/resource/Poster_design,1,,
http://dbpedia.org/resource/Social_Theory,1,,
http://dbpedia.org/resource/Social_architecture,1,,
http://dbpedia.org/resource/Sociocybernetics,1,,
http://dbpedia.org/resource/Software_engineering,1,,
http://dbpedia.org/resource/Sustainable_Development_Goals,1,,
http://dbpedia.org/resource/Table_tennis,1,,
http://dbpedia.org/resource/Teaching_artist,1,,
http://dbpedia.org/resource/Therapist,1,,
http://dbpedia.org/resource/Time_series,1,,
http://dbpedia.org/resource/Veterinarian,1,,
http://dbpedia.org/resource/Western_United_States,1,,
http://dbpedia.org/resource/Radio_host,1,,
http://dbpedia.org/resource/Figurative_painting,1,,
http://dbpedia.org/resource/Transportation_Economics,1,,
http://dbpedia.org/resource/Housekeeper_(servant),1,,
http://dbpedia.org/resource/Political_Economics,1,,
http://dbpedia.org/resource/Indigenous_photography_of_the_Americas,1,,
http://dbpedia.org/resource/Art_Critics,1,,
http://dbpedia.org/resource/Media_art,1,,
http://dbpedia.org/resource/Empirical_industrial_organization,1,,
http://dbpedia.org/resource/Art_Environments,1,,
http://dbpedia.org/resource/Vdeo_installations,1,,
http://dbpedia.org/resource/Glass_Casting,1,,
http://dbpedia.org/resource/Wash_drawing,1,,
http://dbpedia.org/resource/Photo-journalist,1,,
http://dbpedia.org/resource/Contextual_Modernism,1,,
http://dbpedia.org/resource/Rock_n'_Roll,1,,
http://dbpedia.org/resource/Woodcarver,1,,
http://dbpedia.org/resource/Feminist_Art,1,,
http://dbpedia.org/resource/Logo_design,1,,
http://dbpedia.org/resource/Ceramic_Murals,1,,
http://dbpedia.org/resource/Bibliography_of_economic_methodology,1,,
http://dbpedia.org/resource/Indigenous_ceramics_of_the_Americas,1,,
http://dbpedia.org/resource/Contemporary_Visual_Art,1,,
http://dbpedia.org/resource/Multimedia_Installation,1,,
http://dbpedia.org/resource/Labor_Studies,1,,
http://dbpedia.org/resource/Medallic_art,1,,
http://dbpedia.org/resource/Graphical_art,1,,
http://dbpedia.org/resource/Governance,1,,
http://dbpedia.org/resource/Graphic_novels,1,,
http://dbpedia.org/resource/Handmade_jewelry,1,,
http://dbpedia.org/resource/Mathematical_finance,1,,
http://dbpedia.org/resource/Refugee_law,1,,
http://dbpedia.org/resource/Reliefs,1,,
http://dbpedia.org/resource/Retail_design,1,,
http://dbpedia.org/resource/Seascape,1,,
http://dbpedia.org/resource/Seasonality,1,,
http://dbpedia.org/resource/Securities_research,1,,
http://dbpedia.org/resource/Art_teacher,1,,
http://dbpedia.org/resource/Art_Association_of_Montreal,1,,
http://dbpedia.org/resource/Development_economist,1,,
http://dbpedia.org/resource/Japanese_economy,1,,
http://dbpedia.org/resource/Diorama,1,,
http://dbpedia.org/resource/Earth_System_Science,1,,
http://dbpedia.org/resource/Human_trafficking,1,,
http://dbpedia.org/resource/Lighting_designer,1,,
http://dbpedia.org/resource/Locative_media,1,,
http://dbpedia.org/resource/Miniature_art,1,,
http://dbpedia.org/resource/NFT,1,,
http://dbpedia.org/resource/Needlepoint,1,,
http://dbpedia.org/resource/Objet_d'art,1,,
http://dbpedia.org/resource/Open-source_model,1,,
http://dbpedia.org/resource/Panel_data,1,,
http://dbpedia.org/resource/Parkour,1,,
http://dbpedia.org/resource/Philosophy_of_culture,1,,
http://dbpedia.org/resource/African_studies,1,,
http://dbpedia.org/resource/Alternative_process,1,,
http://dbpedia.org/resource/Applied_Art,1,,
http://dbpedia.org/resource/Architectural_design_values,1,,
http://dbpedia.org/resource/Art_gallery,1,,
http://dbpedia.org/resource/Ballad_opera,1,,
http://dbpedia.org/resource/Cartography,1,,
http://dbpedia.org/resource/Chicago,1,,
http://dbpedia.org/resource/Classical_Ballet,1,,
http://dbpedia.org/resource/Clown,1,,
http://dbpedia.org/resource/Comic,1,,
http://dbpedia.org/resource/Commercial_photography,1,,
http://dbpedia.org/resource/Competition_law,1,,
http://dbpedia.org/resource/Concept_art,1,,
http://dbpedia.org/resource/Cultural_ecology,1,,
http://dbpedia.org/resource/Custom_car,1,,
http://dbpedia.org/resource/Encaustic_Painting,1,,
http://dbpedia.org/resource/Essayist,1,,
http://dbpedia.org/resource/Labanotation,1,,
http://dbpedia.org/resource/Process_Art,1,,
http://dbpedia.org/resource/Structuralist_economics,1,,
http://dbpedia.org/resource/Metallurgy,1,,
http://dbpedia.org/resource/Set_decorator,1,,
http://dbpedia.org/resource/Sound,1,,
http://dbpedia.org/resource/Found_Object,1,,
http://dbpedia.org/resource/Gender_studies,1,,
http://dbpedia.org/resource/Film_poster,1,,
http://dbpedia.org/resource/Fingerweaving,1,,
http://dbpedia.org/resource/Hot_tub,1,,
http://dbpedia.org/resource/Islam,1,,
http://dbpedia.org/resource/Portrait_photography,1,,
http://dbpedia.org/resource/Praxeology,1,,
http://dbpedia.org/resource/Social_Realism,1,,
http://dbpedia.org/resource/Social_history,1,,
http://dbpedia.org/resource/Social_psychology,1,,
http://dbpedia.org/resource/Social_security,1,,
http://dbpedia.org/resource/Title_Sequence,1,,
http://dbpedia.org/resource/Tourism,1,,
http://dbpedia.org/resource/Tutor,1,,
http://dbpedia.org/resource/University_of_Ottawa,1,,
http://dbpedia.org/resource/Urban_Interventionism,1,,
http://dbpedia.org/resource/Urban_exploration,1,,
http://dbpedia.org/resource/Wordless_novel,1,,
http://dbpedia.org/resource/Yuri_(genre),1,,
http://dbpedia.org/resource/Intaglio_printing,1,,
http://dbpedia.org/resource/Antitrust,1,,
http://dbpedia.org/resource/Blogging,1,,
http://dbpedia.org/resource/Street_Installations,1,,
http://dbpedia.org/resource/Mithila_Painting,1,,
http://dbpedia.org/resource/Gallery_director,1,,
http://dbpedia.org/resource/Mail_artist,1,,
http://dbpedia.org/resource/Environmental_graphic_design,1,,
http://dbpedia.org/resource/Sound_installation,1,,
http://dbpedia.org/resource/Eco_art,1,,
http://dbpedia.org/resource/Cinema_Studies,1,,
http://dbpedia.org/resource/Digital_Music,1,,
http://dbpedia.org/resource/Economic_Valuation_&_Green_Accounting_of_Ecosystems_&_Biodiversity,1,,
http://dbpedia.org/resource/Jewelry_making,1,,
http://dbpedia.org/resource/Photo_collage,1,,
http://dbpedia.org/resource/Mural_painting,1,,
http://dbpedia.org/resource/Steel_sculpture,1,,
http://dbpedia.org/resource/Porcelain_works,1,,
http://dbpedia.org/resource/Educational_economics,1,,
http://dbpedia.org/resource/Silk_screen,1,,
http://dbpedia.org/resource/Toy-making,1,,
http://dbpedia.org/resource/Hypertext_theory,1,,
http://dbpedia.org/resource/Macroeconomic_Dynamics,1,,
http://dbpedia.org/resource/Management_Science,1,,
http://dbpedia.org/resource/Matrak,1,,
http://dbpedia.org/resource/Sand_animation,1,,
http://dbpedia.org/resource/Etcher,1,,
http://dbpedia.org/resource/Energy_research,1,,
http://dbpedia.org/resource/Fabian_socialism,1,,
http://dbpedia.org/resource/Bboying,1,,
http://dbpedia.org/resource/CD_covers,1,,
http://dbpedia.org/resource/Electrophotography,1,,
http://dbpedia.org/resource/Macro_Policies,1,,
http://dbpedia.org/resource/Delftware,1,,
http://dbpedia.org/resource/Disability_art,1,,
http://dbpedia.org/resource/Drip_painting,1,,
http://dbpedia.org/resource/Museums,1,,
http://dbpedia.org/resource/New_Institutional_Economics,1,,
http://dbpedia.org/resource/Non-profit,1,,
http://dbpedia.org/resource/Paleoart,1,,
http://dbpedia.org/resource/Participatory_democracy,1,,
http://dbpedia.org/resource/Physical_computing,1,,
http://dbpedia.org/resource/Plastic_Arts,1,,
http://dbpedia.org/resource/Po'pay_(Fragua),1,,
http://dbpedia.org/resource/Abstract_Expressionism,1,,
http://dbpedia.org/resource/Academia,1,,
http://dbpedia.org/resource/Air-to-air_photography,1,,
http://dbpedia.org/resource/Arabic_calligraphy,1,,
http://dbpedia.org/resource/Art_restoration,1,,
http://dbpedia.org/resource/Art_toys,1,,
http://dbpedia.org/resource/Astrologer,1,,
http://dbpedia.org/resource/Audiovisual_art,1,,
http://dbpedia.org/resource/B-boying,1,,
http://dbpedia.org/resource/Ballpoint_pen_artwork,1,,
http://dbpedia.org/resource/Boating,1,,
http://dbpedia.org/resource/Body_Art,1,,
http://dbpedia.org/resource/Bookbinding,1,,
http://dbpedia.org/resource/Business_ethics,1,,
http://dbpedia.org/resource/Cameo_(carving),1,,
http://dbpedia.org/resource/Classical_liberalism,1,,
http://dbpedia.org/resource/Commercial_Art,1,,
http://dbpedia.org/resource/Communication_design,1,,
http://dbpedia.org/resource/Comparative_religion,1,,
http://dbpedia.org/resource/Computer_Vision,1,,
http://dbpedia.org/resource/Copyright,1,,
http://dbpedia.org/resource/Corporate_Governance,1,,
http://dbpedia.org/resource/Creative_Technology,1,,
http://dbpedia.org/resource/Crime_fiction,1,,
http://dbpedia.org/resource/Criminal_Justice,1,,
http://dbpedia.org/resource/Cultural_studies,1,,
http://dbpedia.org/resource/Emblem_book,1,,
http://dbpedia.org/resource/Home_Economics,1,,
http://dbpedia.org/resource/Promoter_(entertainment),1,,
http://dbpedia.org/resource/Stand-up_comedy,1,,
http://dbpedia.org/resource/Storyboard,1,,
http://dbpedia.org/resource/Tax_Competition,1,,
http://dbpedia.org/resource/Taxation_in_the_United_States,1,,
http://dbpedia.org/resource/Foreign_direct_investment,1,,
http://dbpedia.org/resource/Free_jazz,1,,
http://dbpedia.org/resource/Globalization,1,,
http://dbpedia.org/resource/Financial_Inclusion,1,,
http://dbpedia.org/resource/Financial_forecast,1,,
http://dbpedia.org/resource/Financial_risk_management,1,,
http://dbpedia.org/resource/Horror_film,1,,
http://dbpedia.org/resource/Industrial_Ecology,1,,
http://dbpedia.org/resource/Information_Security,1,,
http://dbpedia.org/resource/Innovation_Management,1,,
http://dbpedia.org/resource/Interactive_Fiction,1,,
http://dbpedia.org/resource/International_trade_theory,1,,
http://dbpedia.org/resource/Klee_Wyck,1,,
http://dbpedia.org/resource/Showman,1,,
http://dbpedia.org/resource/Prints,1,,
http://dbpedia.org/resource/Social_Practice_Art,1,,
http://dbpedia.org/resource/Social_practice_art,1,,
http://dbpedia.org/resource/Sustainability,1,,
http://dbpedia.org/resource/Symbolism_(arts),1,,
http://dbpedia.org/resource/Tertiary_sector_of_the_economy,1,,
http://dbpedia.org/resource/The_arts,1,,
http://dbpedia.org/resource/Theory_of_the_Firm,1,,
http://dbpedia.org/resource/Tiresias_(ballet),1,,
http://dbpedia.org/resource/Unemployment,1,,
http://dbpedia.org/resource/Upcycling,1,,
http://dbpedia.org/resource/Theater_director,1,,
http://dbpedia.org/resource/Economics_of_Gender,1,,
http://dbpedia.org/resource/Comic_book_author,1,,
http://dbpedia.org/resource/Color_Field_painting,1,,
http://dbpedia.org/resource/Microeconometrics,1,,
http://dbpedia.org/resource/History_of_Economics,1,,
http://dbpedia.org/resource/Nonprofit_sector,1,,
http://dbpedia.org/resource/Magician_(illusionist),1,,
http://dbpedia.org/resource/Childen's_Books,1,,
http://dbpedia.org/resource/Interdisciplinary_artist,1,,
http://dbpedia.org/resource/Mosaicist,1,,
http://dbpedia.org/resource/Agro_Pontino,1,,
http://dbpedia.org/resource/Imperialism_studies,1,,
http://dbpedia.org/resource/Text_art,1,,
http://dbpedia.org/resource/Wood_working,1,,
http://dbpedia.org/resource/Social_Critic,1,,
http://dbpedia.org/resource/Science_fiction,1,,
http://dbpedia.org/resource/Screen_Printing,1,,
http://dbpedia.org/resource/Screenwriter,1,,
http://dbpedia.org/resource/Kinetic_Sculpture,1,,
http://dbpedia.org/resource/Media_theory,1,,
http://dbpedia.org/resource/Digital_humanities,1,,
http://dbpedia.org/resource/Diversity_(politics),1,,
http://dbpedia.org/resource/Human_development_(humanity),1,,
http://dbpedia.org/resource/Multilingualism,1,,
http://dbpedia.org/resource/Musical_Theatre,1,,
http://dbpedia.org/resource/Musical_theatre,1,,
http://dbpedia.org/resource/Mystery_fiction,1,,
http://dbpedia.org/resource/National_College_of_Arts,1,,
http://dbpedia.org/resource/Naïve_art,1,,
http://dbpedia.org/resource/Neo-conceptual_art,1,,
http://dbpedia.org/resource/New_York_City_Subway,1,,
http://dbpedia.org/resource/Norway,1,,
http://dbpedia.org/resource/Novelist,1,,
http://dbpedia.org/resource/Occultist,1,,
http://dbpedia.org/resource/Open_source,1,,
http://dbpedia.org/resource/3D_modeling,1,,
http://dbpedia.org/resource/Abstract_animation,1,,
http://dbpedia.org/resource/Animal_painter,1,,
http://dbpedia.org/resource/Aquatint,1,,
http://dbpedia.org/resource/Art_competitions_at_the_1928_Summer_Olympics,1,,
http://dbpedia.org/resource/Barrister,1,,
http://dbpedia.org/resource/Bishop,1,,
http://dbpedia.org/resource/Bishōjo_game,1,,
http://dbpedia.org/resource/Businesswoman,1,,
http://dbpedia.org/resource/Commodity_markets,1,,
http://dbpedia.org/resource/Conceptual_design,1,,
http://dbpedia.org/resource/Criminal_justice,1,,
http://dbpedia.org/resource/Cubism,1,,
http://dbpedia.org/resource/Culture,1,,
http://dbpedia.org/resource/Economic_statistics,1,,
http://dbpedia.org/resource/Edmund_Burke,1,,
http://dbpedia.org/resource/Impresario,1,,
http://dbpedia.org/resource/Public_relations,1,,
http://dbpedia.org/resource/Quilling,1,,
http://dbpedia.org/resource/Quilt_art,1,,
http://dbpedia.org/resource/Sports,1,,
http://dbpedia.org/resource/Startups,1,,
http://dbpedia.org/resource/Sufism,1,,
http://dbpedia.org/resource/Funk_art,1,,
http://dbpedia.org/resource/Fused_glass,1,,
http://dbpedia.org/resource/Gerontology,1,,
http://dbpedia.org/resource/Glass_Art,1,,
http://dbpedia.org/resource/Film_producer,1,,
http://dbpedia.org/resource/Fine_arts,1,,
http://dbpedia.org/resource/Indigenous_architecture,1,,
http://dbpedia.org/resource/Individual_retirement_account,1,,
http://dbpedia.org/resource/Interactive_installation,1,,
http://dbpedia.org/resource/Interactive_media,1,,
http://dbpedia.org/resource/Inuit_art,1,,
http://dbpedia.org/resource/Pin-up,1,,
http://dbpedia.org/resource/Social_Work,1,,
http://dbpedia.org/resource/Sustainable_development,1,,
http://dbpedia.org/resource/Time_series_analysis,1,,
http://dbpedia.org/resource/Traditional_Dance,1,,
http://dbpedia.org/resource/Tree_of_Peace_(World_War_I),1,,
http://dbpedia.org/resource/Tā_moko,1,,
http://dbpedia.org/resource/Women's_suffrage_in_the_United_States,1,,
http://dbpedia.org/resource/Israeli_art,1,,
http://dbpedia.org/resource/Salesman,1,,
http://dbpedia.org/resource/Sound_Sculpture,1,,
http://dbpedia.org/resource/Collaborative_media_production,1,,
http://dbpedia.org/resource/Photo_text,1,,
http://dbpedia.org/resource/Political_sciences,1,,
http://dbpedia.org/resource/Social_commentator,1,,
http://dbpedia.org/resource/Fashion_Designing,1,,
http://dbpedia.org/resource/Sound_sculpture,1,,
http://dbpedia.org/resource/Theatre_producer,1,,
http://dbpedia.org/resource/Greek_Economy,1,,
http://dbpedia.org/resource/Mixed-Media,1,,
http://dbpedia.org/resource/Fibre_art,1,,
http://dbpedia.org/resource/Mural_art,1,,
http://dbpedia.org/resource/Modern_textile_plastics,1,,
http://dbpedia.org/resource/Optimal_Taxation,1,,
http://dbpedia.org/resource/Experimental_art,1,,
http://dbpedia.org/resource/Academic_entrepreneurship,1,,
http://dbpedia.org/resource/Muralism,1,,
http://dbpedia.org/resource/Jewelry_designer,1,,
http://dbpedia.org/resource/Art_collector,1,,
http://dbpedia.org/resource/Sand_painting,1,,
http://dbpedia.org/resource/Paper_art,1,,
http://dbpedia.org/resource/Investing,1,,
http://dbpedia.org/resource/Abstracted_Landscapes,1,,
http://dbpedia.org/resource/Time_Series_Analysis,1,,
http://dbpedia.org/resource/Kinetic_artist,1,,
http://dbpedia.org/resource/Video_installations,1,,
http://dbpedia.org/resource/Ceramic_Art,1,,
http://dbpedia.org/resource/Management_consulting,1,,
http://dbpedia.org/resource/Management_science,1,,
http://dbpedia.org/resource/Manhua,1,,
http://dbpedia.org/resource/Relational_art,1,,
http://dbpedia.org/resource/Retirement,1,,
http://dbpedia.org/resource/Sahel,1,,
http://dbpedia.org/resource/Scanography,1,,
http://dbpedia.org/resource/Scientific_illustration,1,,
http://dbpedia.org/resource/Healthcare_economics,1,,
http://dbpedia.org/resource/Art_activism,1,,
http://dbpedia.org/resource/Causal_inference,1,,
http://dbpedia.org/resource/Drypoint,1,,
http://dbpedia.org/resource/Laser_lighting_display,1,,
http://dbpedia.org/resource/Liberty,1,,
http://dbpedia.org/resource/Operator_theory,1,,
http://dbpedia.org/resource/Optimal_tax,1,,
http://dbpedia.org/resource/Picture_books,1,,
http://dbpedia.org/resource/Abraham_Lincoln,1,,
http://dbpedia.org/resource/Academic_art,1,,
http://dbpedia.org/resource/Actuarial_Science,1,,
http://dbpedia.org/resource/All-over_painting,1,,
http://dbpedia.org/resource/Anime,1,,
http://dbpedia.org/resource/Auction_Theory,1,,
http://dbpedia.org/resource/Behavioral_sciences,1,,
http://dbpedia.org/resource/Behavioural_economics,1,,
http://dbpedia.org/resource/Bioethics,1,,
http://dbpedia.org/resource/Boat_building,1,,
http://dbpedia.org/resource/Chinese_Calligraphy,1,,
http://dbpedia.org/resource/Chinese_calligraphy,1,,
http://dbpedia.org/resource/Comedy,1,,
http://dbpedia.org/resource/Commodities,1,,
http://dbpedia.org/resource/Creative_director,1,,
http://dbpedia.org/resource/Critical_spatial_practice,1,,
http://dbpedia.org/resource/Cultural_heritage_management,1,,
http://dbpedia.org/resource/Culture_jamming,1,,
http://dbpedia.org/resource/Econophysics,1,,
http://dbpedia.org/resource/Epigraphy,1,,
http://dbpedia.org/resource/Ice_Sculpture,1,,
http://dbpedia.org/resource/Profit_(economics),1,,
http://dbpedia.org/resource/Puppet,1,,
http://dbpedia.org/resource/Stamping_(metalworking),1,,
http://dbpedia.org/resource/Stop-motion,1,,
http://dbpedia.org/resource/Tax_policy,1,,
http://dbpedia.org/resource/Quilter,1,,
http://dbpedia.org/resource/Jewish_ceremonial_art,1,,
http://dbpedia.org/resource/France,1,,
http://dbpedia.org/resource/Free-market_environmentalism,1,,
http://dbpedia.org/resource/Gift_Economy,1,,
http://dbpedia.org/resource/Global_governance,1,,
http://dbpedia.org/resource/Historical_linguistics,1,,
http://dbpedia.org/resource/History_Painting,1,,
http://dbpedia.org/resource/Film_directing,1,,
http://dbpedia.org/resource/Inflation,1,,
http://dbpedia.org/resource/Informal_sector,1,,
http://dbpedia.org/resource/International_Relations,1,,
http://dbpedia.org/resource/International_relations,1,,
http://dbpedia.org/resource/Islamic_graffiti,1,,
http://dbpedia.org/resource/Silk,1,,
http://dbpedia.org/resource/Business_strategy,1,,
http://dbpedia.org/resource/Pop_Music,1,,
http://dbpedia.org/resource/Portrait_Photography,1,,
http://dbpedia.org/resource/Positive_psychology,1,,
http://dbpedia.org/resource/Post-Keynesian_economics,1,,
http://dbpedia.org/resource/Social_criticism,1,,
http://dbpedia.org/resource/Swimming_(sport),1,,
http://dbpedia.org/resource/Technology_Management,1,,
http://dbpedia.org/resource/Time_Series,1,,
http://dbpedia.org/resource/Women's_suffrage,1,,
http://dbpedia.org/resource/World_War_I,1,,
http://dbpedia.org/resource/Écorché,1,,
http://dbpedia.org/resource/Chess_composition,1,,
http://www.sevada.am/,1,,
http://dbpedia.org/resource/Creative_direction,1,,
http://dbpedia.org/resource/Technological_Singularity_Art,1,,
http://dbpedia.org/resource/Development_economists,1,,
http://dbpedia.org/resource/Book_designer,1,,
http://dbpedia.org/resource/Employment_Relations,1,,
http://dbpedia.org/resource/Artist's_books,1,,
http://dbpedia.org/resource/Photo-realist,1,,
http://dbpedia.org/resource/Legal_studies,1,,
http://dbpedia.org/resource/Social_reform,1,,
http://dbpedia.org/resource/Basket_making,1,,
http://dbpedia.org/resource/Research_art,1,,
http://dbpedia.org/resource/Emily_Carr_University,1,,
http://dbpedia.org/resource/Lithographs,1,,
http://dbpedia.org/resource/Art_collecting,1,,
http://dbpedia.org/resource/Market_Quality_Economics,1,,
http://dbpedia.org/resource/Wood-engraver,1,,
http://dbpedia.org/resource/Business_Management,1,,
http://dbpedia.org/resource/Civil_case,1,,
http://dbpedia.org/resource/Film_Making,1,,
http://dbpedia.org/resource/Lighting_director,1,,
http://dbpedia.org/resource/Shadow_puppet,1,,
http://dbpedia.org/resource/Family_economics,1,,
http://dbpedia.org/resource/Fashion_Photography,1,,
http://dbpedia.org/resource/Graphic_novel,1,,
http://dbpedia.org/resource/Growth_theory,1,,
http://dbpedia.org/resource/Hard-Edge_Painting,1,,
http://dbpedia.org/resource/Mathematics_and_art,1,,
http://dbpedia.org/resource/Redux_(literary_term),1,,
http://dbpedia.org/resource/Ringelblum_Archive,1,,
http://dbpedia.org/resource/Russian_literature,1,,
http://dbpedia.org/resource/Satellite_Art,1,,
http://dbpedia.org/resource/Environmental_Sculptor,1,,
http://dbpedia.org/resource/Growth_economics,1,,
http://dbpedia.org/resource/Arts_management,1,,
http://dbpedia.org/resource/Central_Bank,1,,
http://dbpedia.org/resource/Digital_Humanities,1,,
http://dbpedia.org/resource/Drama,1,,
http://dbpedia.org/resource/Dramaturg,1,,
http://dbpedia.org/resource/Human_Rights,1,,
http://dbpedia.org/resource/Lecturer,1,,
http://dbpedia.org/resource/Letterpress_printing,1,,
http://dbpedia.org/resource/Librarianship,1,,
http://dbpedia.org/resource/Lighting_Designer,1,,
http://dbpedia.org/resource/Microhistory,1,,
http://dbpedia.org/resource/Model_(person),1,,
http://dbpedia.org/resource/Modello,1,,
http://dbpedia.org/resource/Music_history,1,,
http://dbpedia.org/resource/Negotiation,1,,
http://dbpedia.org/resource/New_York_Figurative_Expressionism,1,,
http://dbpedia.org/resource/Novels,1,,
http://dbpedia.org/resource/Nurse,1,,
http://dbpedia.org/resource/Oil_paintings,1,,
http://dbpedia.org/resource/Op_Art,1,,
http://dbpedia.org/resource/Operations_Research,1,,
http://dbpedia.org/resource/Participatory_art,1,,
http://dbpedia.org/resource/Performances,1,,
http://dbpedia.org/resource/Philosopher,1,,
http://dbpedia.org/resource/Philosophy_of_science,1,,
http://dbpedia.org/resource/Picture_book,1,,
http://dbpedia.org/resource/Plagiarism,1,,
http://dbpedia.org/resource/Political_activist,1,,
http://dbpedia.org/resource/Abstract_Art,1,,
http://dbpedia.org/resource/Acoustic_ecology,1,,
http://dbpedia.org/resource/Aesthetic_theory,1,,
http://dbpedia.org/resource/Area_studies,1,,
http://dbpedia.org/resource/Argentine_tango,1,,
http://dbpedia.org/resource/Art_Gallery,1,,
http://dbpedia.org/resource/Artistic_gymnastics,1,,
http://dbpedia.org/resource/Bioart,1,,
http://dbpedia.org/resource/Business_Economics,1,,
http://dbpedia.org/resource/Camoufleurs,1,,
http://dbpedia.org/resource/Civil_rights,1,,
http://dbpedia.org/resource/Computer_music,1,,
http://dbpedia.org/resource/Conservation_(ethic),1,,
http://dbpedia.org/resource/Constructivism_(art),1,,
http://dbpedia.org/resource/Contemporary_Dance,1,,
http://dbpedia.org/resource/Corporate_tax,1,,
http://dbpedia.org/resource/Cover_art,1,,
http://dbpedia.org/resource/DIY_ethos,1,,
http://dbpedia.org/resource/Electronic_music,1,,
http://dbpedia.org/resource/Environmental_protection,1,,
http://dbpedia.org/resource/Epicure_(gourmet),1,,
http://dbpedia.org/resource/Expressionist_dance,1,,
http://dbpedia.org/resource/Prose_poetry,1,,
http://dbpedia.org/resource/Pulp_magazine,1,,
http://dbpedia.org/resource/Queer_theory,1,,
http://dbpedia.org/resource/Simulation,1,,
http://dbpedia.org/resource/Skateboarder,1,,
http://dbpedia.org/resource/Stoneware,1,,
http://dbpedia.org/resource/Street_Poetry,1,,
http://dbpedia.org/resource/Radio_jockey,1,,
http://dbpedia.org/resource/Foamcore,1,,
http://dbpedia.org/resource/Gender_and_development,1,,
http://dbpedia.org/resource/Geometric_abstraction,1,,
http://dbpedia.org/resource/History_of_Art,1,,
http://dbpedia.org/resource/Financial_literacy,1,,
http://dbpedia.org/resource/Financial_market,1,,
http://dbpedia.org/resource/Financial_regulation,1,,
http://dbpedia.org/resource/International_Strategic_Management,1,,
http://dbpedia.org/resource/Knitting,1,,
http://dbpedia.org/resource/Ship_camouflage,1,,
http://dbpedia.org/resource/Polycentric_law,1,,
http://dbpedia.org/resource/Polymath,1,,
http://dbpedia.org/resource/Post-conceptual_art,1,,
http://dbpedia.org/resource/Postmodern_dance,1,,
http://dbpedia.org/resource/Sustainable_fashion,1,,
http://dbpedia.org/resource/Technology_policy,1,,
http://dbpedia.org/resource/Television_producer,1,,
http://dbpedia.org/resource/Topography,1,,
http://dbpedia.org/resource/Transition_economy,1,,
http://dbpedia.org/resource/Underwater_photography,1,,
http://dbpedia.org/resource/Urbanism,1,,
http://dbpedia.org/resource/Women's_health,1,,
http://dbpedia.org/resource/Ethnographer,1,,
http://dbpedia.org/resource/Social_activism,1,,
http://dbpedia.org/resource/Playwriting,1,,
http://dbpedia.org/resource/Economic_Policy,1,,
http://dbpedia.org/resource/Guohua,1,,
http://dbpedia.org/resource/Applied_Econometrics,1,,
http://dbpedia.org/resource/Typographer,1,,
http://dbpedia.org/resource/Fine_Arts,1,,
http://dbpedia.org/resource/Performance_lectures,1,,
http://dbpedia.org/resource/International_Economy,1,,
http://dbpedia.org/resource/Guerrilla_fighter,1,,
http://dbpedia.org/resource/Designer_Toys,1,,
http://dbpedia.org/resource/Sceneography,1,,
http://dbpedia.org/resource/Fashion_illustrator,1,,
http://dbpedia.org/resource/Imputation_(economics),1,,
http://dbpedia.org/resource/Oil_painter,1,,
http://dbpedia.org/resource/One-to-one_performance,1,,
http://dbpedia.org/resource/Interior_decoration,1,,
http://dbpedia.org/resource/Transmedia,1,,
http://dbpedia.org/resource/Media_Artist,1,,
http://dbpedia.org/resource/Poverty_studies,1,,
http://dbpedia.org/resource/Screenprint,1,,
http://dbpedia.org/resource/Song_Writing,1,,
http://dbpedia.org/resource/Happenings,1,,
http://dbpedia.org/resource/Hard_Edge,1,,
http://dbpedia.org/resource/Higher_education,1,,
http://dbpedia.org/resource/Maiolica,1,,
http://dbpedia.org/resource/Maker_culture,1,,
http://dbpedia.org/resource/Mathematical_Programming,1,,
http://dbpedia.org/resource/Scenographer,1,,
http://dbpedia.org/resource/Science_policy,1,,
http://dbpedia.org/resource/Screenprinting,1,,
http://dbpedia.org/resource/Non-Profit,1,,
http://dbpedia.org/resource/Net_Art,1,,
http://dbpedia.org/resource/Taxation,1,,
http://dbpedia.org/resource/Demographic_economics,1,,
http://dbpedia.org/resource/Digital_Media,1,,
http://dbpedia.org/resource/Distribution_(economics),1,,
http://dbpedia.org/resource/Logic,1,,
http://dbpedia.org/resource/Lyrical_abstraction,1,,
http://dbpedia.org/resource/Mime_artist,1,,
http://dbpedia.org/resource/Music_Video,1,,
http://dbpedia.org/resource/Photo,1,,
http://dbpedia.org/resource/Physical_model,1,,
http://dbpedia.org/resource/401K,1,,
http://dbpedia.org/resource/American_history,1,,
http://dbpedia.org/resource/Animating,1,,
http://dbpedia.org/resource/Architectural_painting,1,,
http://dbpedia.org/resource/Art_forgery,1,,
http://dbpedia.org/resource/Banksy,1,,
http://dbpedia.org/resource/Bas_relief,1,,
http://dbpedia.org/resource/Borderline_personality_disorder,1,,
http://dbpedia.org/resource/Bronze,1,,
http://dbpedia.org/resource/Chemistry,1,,
http://dbpedia.org/resource/Children's_Literature,1,,
http://dbpedia.org/resource/Closed-circuit_television,1,,
http://dbpedia.org/resource/Color_theory,1,,
http://dbpedia.org/resource/Commercial_Director,1,,
http://dbpedia.org/resource/Communications,1,,
http://dbpedia.org/resource/Computer_Science,1,,
http://dbpedia.org/resource/Conflict_economics,1,,
http://dbpedia.org/resource/Conservation-restoration,1,,
http://dbpedia.org/resource/Constitutional_law,1,,
http://dbpedia.org/resource/Creative_technology,1,,
http://dbpedia.org/resource/Cultural_Studies,1,,
http://dbpedia.org/resource/DJ,1,,
http://dbpedia.org/resource/Economic_planning,1,,
http://dbpedia.org/resource/Economic_stratification,1,,
http://dbpedia.org/resource/Economy_of_India,1,,
http://dbpedia.org/resource/Electronic_Art,1,,
http://dbpedia.org/resource/Entrepreneur,1,,
http://dbpedia.org/resource/Environmentalist,1,,
http://dbpedia.org/resource/Ethnic_studies,1,,
http://dbpedia.org/resource/Measuring_poverty,1,,
http://dbpedia.org/resource/Media_studies,1,,
http://dbpedia.org/resource/Privatisation,1,,
http://dbpedia.org/resource/Production_(economics),1,,
http://dbpedia.org/resource/Professor,1,,
http://dbpedia.org/resource/Prohibitionism,1,,
http://dbpedia.org/resource/Public_speaker,1,,
http://dbpedia.org/resource/Punk_rock,1,,
http://dbpedia.org/resource/Futurism,1,,
http://dbpedia.org/resource/Godparent,1,,
http://dbpedia.org/resource/Gongbi,1,,
http://dbpedia.org/resource/Kirikane,1,,
http://dbpedia.org/resource/Landscape_architecture,1,,
http://dbpedia.org/resource/Flute,1,,
http://dbpedia.org/resource/Forgery,1,,
http://dbpedia.org/resource/French_Resistance,1,,
http://dbpedia.org/resource/Glassblowing,1,,
http://dbpedia.org/resource/IPO,1,,
http://dbpedia.org/resource/Film_actor,1,,
http://dbpedia.org/resource/Financialization,1,,
http://dbpedia.org/resource/Hospital_medicine,1,,
http://dbpedia.org/resource/Hot_rod,1,,
http://dbpedia.org/resource/Interdisciplinarity,1,,
http://dbpedia.org/resource/LED_throwies,1,,
http://dbpedia.org/resource/Linguistics,1,,
http://dbpedia.org/resource/List_of_works_by_Vincent_van_Gogh,1,,
http://dbpedia.org/resource/Silhouette,1,,
http://dbpedia.org/resource/Literati_painting,1,,
http://dbpedia.org/resource/Porcelain,1,,
http://dbpedia.org/resource/Sociology_of_disaster,1,,
http://dbpedia.org/resource/The_Stone_Carvers,1,,
http://dbpedia.org/resource/University_of_Chicago,1,,
http://dbpedia.org/resource/Video_game_art,1,,
http://dbpedia.org/resource/Visionary_environment,1,,
http://dbpedia.org/resource/Art_educator,1,,
http://dbpedia.org/resource/Earthworks_(art),1,,
http://dbpedia.org/resource/Finnish_artists,1,,
http://dbpedia.org/resource/Installations_art,1,,
http://dbpedia.org/resource/Multidisciplinary,1,,
http://dbpedia.org/resource/Computational_Cinema,1,,
http://dbpedia.org/resource/Curatorial,1,,
http://dbpedia.org/resource/Watercolor_painter,1,,
http://dbpedia.org/resource/VJ_(media_personality),1,,
http://dbpedia.org/resource/Wood_engraver,1,,
http://dbpedia.org/resource/Art_philosophy,1,,
http://dbpedia.org/resource/Digital_Arts,1,,
http://dbpedia.org/resource/Monumental_art,1,,
http://dbpedia.org/resource/DIY_technology,1,,
http://dbpedia.org/resource/Fresco_artist,1,,
http://dbpedia.org/resource/Cartoonism,1,,
http://dbpedia.org/resource/Naive_painting,1,,
http://dbpedia.org/resource/Metal_work,1,,
http://dbpedia.org/resource/Abstract_Expressionist,1,,
http://dbpedia.org/resource/Political_Art,1,,
http://dbpedia.org/resource/Business_Cycles,1,,
http://dbpedia.org/resource/Erotic_illustration,1,,
http://dbpedia.org/resource/Painter_(artist),1,,
http://dbpedia.org/resource/Environmental_installation,1,,
http://dbpedia.org/resource/Leatherworking,1,,
http://dbpedia.org/resource/The_Economy_of_China,1,,
"http://dbpedia.org/resource/Institution_and_Labor_Relations,_Economics",1,,
http://dbpedia.org/resource/Television_news_anchor,1,,
http://dbpedia.org/resource/Character_Design,1,,
http://dbpedia.org/resource/Population_Ageing,1,,
http://dbpedia.org/resource/Graphic_Artist,1,,
http://dbpedia.org/resource/Hannah_Free,1,,
http://dbpedia.org/resource/Magistrate,1,,
http://dbpedia.org/resource/Marilyn_Monroe,1,,
http://dbpedia.org/resource/Mazinibaganjigan,1,,
http://dbpedia.org/resource/Remix,1,,
http://dbpedia.org/resource/Sculpture_(magazine),1,,
http://dbpedia.org/resource/Seascapes,1,,
http://dbpedia.org/resource/Portrait_miniaturist,1,,
http://dbpedia.org/resource/Brazilian_economics,1,,
http://dbpedia.org/resource/Deliberative_democracy,1,,
http://dbpedia.org/resource/Development_aid,1,,
http://dbpedia.org/resource/Digital_illustration,1,,
http://dbpedia.org/resource/Human_rights_defender,1,,
http://dbpedia.org/resource/Microfinance,1,,
http://dbpedia.org/resource/Miniature_Art,1,,
http://dbpedia.org/resource/Model_(people),1,,
http://dbpedia.org/resource/Nationalism,1,,
http://dbpedia.org/resource/Needlework,1,,
http://dbpedia.org/resource/Neo-expressionism,1,,
http://dbpedia.org/resource/Netsuke,1,,
http://dbpedia.org/resource/Nursing,1,,
http://dbpedia.org/resource/Organizational_Economics,1,,
http://dbpedia.org/resource/Outsider_Art,1,,
http://dbpedia.org/resource/Paleontologist,1,,
http://dbpedia.org/resource/Pattern_(sewing),1,,
http://dbpedia.org/resource/Political_history,1,,
http://dbpedia.org/resource/Agricultural_Economics,1,,
http://dbpedia.org/resource/Animation_director,1,,
http://dbpedia.org/resource/Anyeint,1,,
http://dbpedia.org/resource/Art_jewelry,1,,
http://dbpedia.org/resource/Artificial_intelligence_art,1,,
http://dbpedia.org/resource/Auto_racing,1,,
http://dbpedia.org/resource/Book_Design,1,,
http://dbpedia.org/resource/British_jazz,1,,
http://dbpedia.org/resource/Caricatures,1,,
http://dbpedia.org/resource/Casein_paint,1,,
http://dbpedia.org/resource/Charcoal_(art),1,,
http://dbpedia.org/resource/Cliometrics,1,,
http://dbpedia.org/resource/Commercial_law,1,,
http://dbpedia.org/resource/Community_Arts,1,,
http://dbpedia.org/resource/Content_curation,1,,
http://dbpedia.org/resource/Crafts,1,,
http://dbpedia.org/resource/Cyberformance,1,,
http://dbpedia.org/resource/DIY_audio,1,,
http://dbpedia.org/resource/Ecological_art,1,,
http://dbpedia.org/resource/Ecological_design,1,,
http://dbpedia.org/resource/Economy_of_Asia,1,,
http://dbpedia.org/resource/Editor,1,,
http://dbpedia.org/resource/Experimental_Economics,1,,
http://dbpedia.org/resource/Program_Evaluation,1,,
http://dbpedia.org/resource/Property_rights_(economics),1,,
http://dbpedia.org/resource/Race_(human_categorization),1,,
http://dbpedia.org/resource/Sovereign_default,1,,
http://dbpedia.org/resource/Stop-motion_animation,1,,
http://dbpedia.org/resource/Jazz_music,1,,
http://dbpedia.org/resource/Mentorship,1,,
http://dbpedia.org/resource/Song,1,,
http://dbpedia.org/resource/Functional_analysis,1,,
http://dbpedia.org/resource/Gender_analysis,1,,
http://dbpedia.org/resource/Gender_pay_gap,1,,
http://dbpedia.org/resource/General_Equilibrium_Theory,1,,
http://dbpedia.org/resource/History_of_Economic_Thought,1,,
http://dbpedia.org/resource/Film_Director,1,,
http://dbpedia.org/resource/Financial_stability,1,,
http://dbpedia.org/resource/Industrial_Design,1,,
http://dbpedia.org/resource/Instant_film,1,,
http://dbpedia.org/resource/Institutional_critique,1,,
http://dbpedia.org/resource/Interdisciplinary,1,,
http://dbpedia.org/resource/List_of_Italian_painters,1,,
http://dbpedia.org/resource/Arts_administrator,1,,
http://dbpedia.org/resource/Postage_Stamp,1,,
http://dbpedia.org/resource/Surrealism,1,,
http://dbpedia.org/resource/Syracuse_University,1,,
http://dbpedia.org/resource/Theory_of_art,1,,
http://dbpedia.org/resource/Theosophy_(Blavatskian),1,,
http://dbpedia.org/resource/Urban_planning,1,,
http://dbpedia.org/resource/Video_ethnography,1,,
http://dbpedia.org/resource/Magazine_editor,1,,
http://dbpedia.org/resource/Jewellery_designer,1,,
http://dbpedia.org/resource/Competitive_Strategy,1,,
"http://dbpedia.org/resource/Researcher,_Curator,_Art,_Video_art",1,,
http://dbpedia.org/resource/Transparency_in_government,1,,
http://dbpedia.org/resource/Magical_Realism,1,,
http://dbpedia.org/resource/Motion_Art,1,,
http://dbpedia.org/resource/Videoart,1,,
http://dbpedia.org/resource/Copy_art,1,,
http://dbpedia.org/resource/Print_Making,1,,
http://dbpedia.org/resource/Bodypainting,1,,
http://dbpedia.org/resource/Children's_book,1,,
http://dbpedia.org/resource/Ceramic_artist,1,,
http://dbpedia.org/resource/Electrophoretic_painting,1,,
http://dbpedia.org/resource/Metalworker,1,,
http://dbpedia.org/resource/Dollmaking,1,,
http://dbpedia.org/resource/Immersive_art,1,,
http://dbpedia.org/resource/Micro-economics,1,,
http://dbpedia.org/resource/Public_sculpture,1,,
http://dbpedia.org/resource/Ceramics_of_indigenous_peoples_of_the_Americas,1,,
http://dbpedia.org/resource/Guitarist,1,,
http://dbpedia.org/resource/Higher_Education,1,,
http://dbpedia.org/resource/Mail_Art,1,,
http://dbpedia.org/resource/Material_feminism,1,,
http://dbpedia.org/resource/Reality_television,1,,
http://dbpedia.org/resource/Renaissance_art,1,,
"http://dbpedia.org/resource/Sauve,_Gard",1,,
http://dbpedia.org/resource/Scholar,1,,
http://dbpedia.org/resource/School_of_Visual_Arts,1,,
http://dbpedia.org/resource/Science_and_technology_studies,1,,
http://dbpedia.org/resource/Indian_Folk_Artist,1,,
http://dbpedia.org/resource/Development_Studies,1,,
http://dbpedia.org/resource/Diplomat,1,,
http://dbpedia.org/resource/Disequilibrium_macroeconomics,1,,
http://dbpedia.org/resource/Lithograph,1,,
http://dbpedia.org/resource/Lusterware,1,,
http://dbpedia.org/resource/Middle_East,1,,
http://dbpedia.org/resource/Mixed_martial_arts,1,,
http://dbpedia.org/resource/Modernist,1,,
http://dbpedia.org/resource/Monotyping,1,,
http://dbpedia.org/resource/Motion_graphics,1,,
http://dbpedia.org/resource/Nature_photography,1,,
http://dbpedia.org/resource/Numismatics,1,,
http://dbpedia.org/resource/Old_Masters,1,,
http://dbpedia.org/resource/Open-design_movement,1,,
http://dbpedia.org/resource/Organizational_economics,1,,
http://dbpedia.org/resource/Ornament_(art),1,,
http://dbpedia.org/resource/Painters,1,,
http://dbpedia.org/resource/Abstraction,1,,
http://dbpedia.org/resource/Activist_Women's_Voices,1,,
http://dbpedia.org/resource/Agricultural_policy,1,,
http://dbpedia.org/resource/Architectural_Design,1,,
http://dbpedia.org/resource/Archiving,1,,
http://dbpedia.org/resource/Art_Nouveau,1,,
http://dbpedia.org/resource/Arts,1,,
http://dbpedia.org/resource/Bankruptcy,1,,
http://dbpedia.org/resource/Bricolage,1,,
http://dbpedia.org/resource/Business_History,1,,
http://dbpedia.org/resource/Classical_guitar,1,,
http://dbpedia.org/resource/Climate_change,1,,
http://dbpedia.org/resource/Complexity,1,,
http://dbpedia.org/resource/Computer_Music,1,,
http://dbpedia.org/resource/Conquistador,1,,
http://dbpedia.org/resource/Consumer_goods,1,,
http://dbpedia.org/resource/Crime,1,,
http://dbpedia.org/resource/Crisis_theory,1,,
http://dbpedia.org/resource/Economic_globalization,1,,
http://dbpedia.org/resource/Economics_of_participation,1,,
http://dbpedia.org/resource/Existentialism,1,,
http://dbpedia.org/resource/Incomplete_markets,1,,
http://dbpedia.org/resource/Medicine,1,,
http://dbpedia.org/resource/Probability,1,,
http://dbpedia.org/resource/Storyboard_artist,1,,
http://dbpedia.org/resource/Strategic_Management,1,,
http://dbpedia.org/resource/Fitzwilliam_Museum,1,,
http://dbpedia.org/resource/Japanese_pottery_and_porcelain,1,,
http://dbpedia.org/resource/Jews_Praying_in_the_Synagogue_on_Yom_Kippur,1,,
http://dbpedia.org/resource/Jurisprudence,1,,
http://dbpedia.org/resource/Kathak,1,,
http://dbpedia.org/resource/Kinetic_Art,1,,
http://dbpedia.org/resource/Shamanism,1,,
http://dbpedia.org/resource/Spiritist,1,,
http://uartlib.org/downloads/FedirTetianych_uartlib.org.pdf,1,,
http://dbpedia.org/resource/Food_policy,1,,
http://dbpedia.org/resource/Forced_labor,1,,
http://dbpedia.org/resource/Frescos,1,,
http://dbpedia.org/resource/Genre,1,,
http://dbpedia.org/resource/Glitch_art,1,,
http://dbpedia.org/resource/Global_public_good,1,,
http://dbpedia.org/resource/Financial_crises,1,,
http://dbpedia.org/resource/Interaction_design,1,,
http://dbpedia.org/resource/International_Political_Economy,1,,
http://dbpedia.org/resource/Internationalization,1,,
http://dbpedia.org/resource/Islamic_Banking_and_Finance,1,,
http://dbpedia.org/resource/Line_engraving,1,,
http://dbpedia.org/resource/Silat,1,,
http://dbpedia.org/resource/Soapstone,1,,
http://dbpedia.org/resource/Surf_Art,1,,
http://dbpedia.org/resource/The_Indian_Church_(painting),1,,
http://dbpedia.org/resource/Value_theory,1,,
http://dbpedia.org/resource/Verismo,1,,
http://dbpedia.org/resource/Visionary_environments,1,,
http://dbpedia.org/resource/Wayfinding,1,,
http://dbpedia.org/resource/Women's_Suffrage,1,,
http://dbpedia.org/resource/Sinologist,1,,
"http://dbpedia.org/resource/Comparative_law,_private_international_law,_nationality_law",1,,
http://dbpedia.org/resource/Portrait_photographer,1,,
http://dbpedia.org/resource/Opera_composer,1,,
http://dbpedia.org/resource/Human_development_theory,1,,
http://dbpedia.org/resource/Graphic_Novels,1,,
http://dbpedia.org/resource/Networked_Art,1,,
http://dbpedia.org/resource/Collography,1,,
http://dbpedia.org/resource/Art_theory,1,,
http://dbpedia.org/resource/Healthcare_management,1,,
http://dbpedia.org/resource/Print-maker,1,,
http://dbpedia.org/resource/Wall-painting,1,,
http://dbpedia.org/resource/Art_&_Architecture,1,,
http://dbpedia.org/resource/Sacred_art,1,,
http://dbpedia.org/resource/Licensing,1,,
http://dbpedia.org/resource/Radio_Host,1,,
http://dbpedia.org/resource/Indigenous_pottery_of_the_Americas,1,,
http://dbpedia.org/resource/Wildlife_painter,1,,
http://dbpedia.org/resource/Legal_philosophy,1,,
http://dbpedia.org/resource/Architectural_design,1,,
http://dbpedia.org/resource/Arts_Executive,1,,
http://dbpedia.org/resource/Draftsmanship,1,,
http://dbpedia.org/resource/Bharathanatyam,1,,
http://dbpedia.org/resource/Chinese_ink_painting,1,,
http://dbpedia.org/resource/Innovation_Policy,1,,
http://dbpedia.org/resource/Light_Art,1,,
http://dbpedia.org/resource/Interdisciplinary_art,1,,